Dates	Close
Feb-19-2021	22.05
Feb-22-2021	23.45
Feb-23-2021	23.11
Feb-24-2021	21.34
Feb-25-2021	28.89
Feb-26-2021	27.95
Mar-01-2021	23.35
Mar-02-2021	24.10
Mar-03-2021	26.67
Mar-04-2021	28.57
Mar-05-2021	24.66
Mar-08-2021	25.47
Mar-09-2021	24.03
Mar-10-2021	22.56
Mar-11-2021	21.91
Mar-12-2021	20.69
Mar-15-2021	20.03
Mar-16-2021	19.79
Mar-17-2021	19.23
Mar-18-2021	21.58
Mar-19-2021	20.95
Mar-22-2021	18.88
Mar-23-2021	20.30
Mar-24-2021	21.20
Mar-25-2021	19.81
Mar-26-2021	18.86
Mar-29-2021	20.74
Mar-30-2021	19.61
Mar-31-2021	19.40
Apr-01-2021	17.33
Apr-05-2021	17.91
Apr-06-2021	18.12
Apr-07-2021	17.16
Apr-08-2021	16.95
Apr-09-2021	16.69
Apr-12-2021	16.91
Apr-13-2021	16.65
Apr-14-2021	16.99
Apr-15-2021	16.57
Apr-16-2021	16.25
Apr-19-2021	17.29
Apr-20-2021	18.68
Apr-21-2021	17.50
Apr-22-2021	18.71
Apr-23-2021	17.33
Apr-26-2021	17.64
Apr-27-2021	17.56
Apr-28-2021	17.28
Apr-29-2021	17.61
Apr-30-2021	18.61
May-03-2021	18.31
May-04-2021	19.48
May-05-2021	19.15
May-06-2021	18.39
May-07-2021	16.69
May-10-2021	19.66
May-11-2021	21.84
May-12-2021	27.59
May-13-2021	23.13
May-14-2021	18.81
May-17-2021	19.72
May-18-2021	21.34
May-19-2021	22.18
May-20-2021	20.67
May-21-2021	20.15
May-24-2021	18.40
May-25-2021	18.84
May-26-2021	17.36
May-27-2021	16.74
May-28-2021	16.76
Jun-01-2021	17.90
Jun-02-2021	17.48
Jun-03-2021	18.04
Jun-04-2021	16.42
Jun-07-2021	16.42
Jun-08-2021	17.07
Jun-09-2021	17.89
Jun-10-2021	16.10
Jun-11-2021	15.65
Jun-14-2021	16.39
Jun-15-2021	17.02
Jun-16-2021	18.15
Jun-17-2021	17.75
Jun-18-2021	20.70
Jun-21-2021	17.89
Jun-22-2021	16.66
Jun-23-2021	16.32
Jun-24-2021	15.97
Jun-25-2021	15.62
Jun-28-2021	15.76
Jun-29-2021	16.02
Jun-30-2021	15.83
Jul-01-2021	15.48
Jul-02-2021	15.07
Jul-06-2021	16.44
Jul-07-2021	16.20
Jul-08-2021	19.00
Jul-09-2021	16.18
Jul-12-2021	16.17
Jul-13-2021	17.12
Jul-14-2021	16.33
Jul-15-2021	17.01
Jul-16-2021	18.45
Jul-19-2021	22.50
Jul-20-2021	19.73
Jul-21-2021	17.91
Jul-22-2021	17.69
Jul-23-2021	17.20
Jul-26-2021	17.58
Jul-27-2021	19.36
Jul-28-2021	18.31
Jul-29-2021	17.70
Jul-30-2021	18.24
Aug-02-2021	19.46
Aug-03-2021	18.04
Aug-04-2021	17.97
Aug-05-2021	17.28
Aug-06-2021	16.15
Aug-09-2021	16.72
Aug-10-2021	16.79
Aug-11-2021	16.06
Aug-12-2021	15.59
Aug-13-2021	15.45
Aug-16-2021	16.12
Aug-17-2021	17.91
Aug-18-2021	21.57
Aug-19-2021	21.67
Aug-20-2021	18.56
Aug-23-2021	17.15
Aug-24-2021	17.22
Aug-25-2021	16.79
Aug-26-2021	18.84
Aug-27-2021	16.39
Aug-30-2021	16.19
Aug-31-2021	16.48
Sep-01-2021	16.11
Sep-02-2021	16.41
Sep-03-2021	16.41
Sep-07-2021	18.14
Sep-08-2021	17.96
Sep-09-2021	18.80
Sep-10-2021	20.95
Sep-13-2021	19.37
Sep-14-2021	19.46
Sep-15-2021	18.18
Sep-16-2021	18.69
Sep-17-2021	20.81
Sep-20-2021	25.71
Sep-21-2021	24.36
Sep-22-2021	20.87
Sep-23-2021	18.63
Sep-24-2021	17.75
Sep-27-2021	18.76
Sep-28-2021	23.25
Sep-29-2021	22.56
Sep-30-2021	23.14
Oct-01-2021	21.15
Oct-04-2021	22.96
Oct-05-2021	21.30
Oct-06-2021	21.00
Oct-07-2021	19.54
Oct-08-2021	18.77
Oct-11-2021	20.00
Oct-12-2021	19.85
Oct-13-2021	18.64
Oct-14-2021	16.86
Oct-15-2021	16.30
Oct-18-2021	16.31
Oct-19-2021	15.70
Oct-20-2021	15.49
Oct-21-2021	15.01
Oct-22-2021	15.43
Oct-25-2021	15.24
Oct-26-2021	15.98
Oct-27-2021	16.98
Oct-28-2021	16.53
Oct-29-2021	16.26
Nov-01-2021	16.41
Nov-02-2021	16.03
Nov-03-2021	15.10
Nov-04-2021	15.44
Nov-05-2021	16.48
Nov-08-2021	17.22
Nov-09-2021	17.78
Nov-10-2021	18.73
Nov-11-2021	17.66
Nov-12-2021	16.29
Nov-15-2021	16.49
Nov-16-2021	16.37
Nov-17-2021	17.11
Nov-18-2021	17.59
Nov-19-2021	17.91
Nov-22-2021	19.17
Nov-23-2021	19.38
Nov-24-2021	18.58
Nov-26-2021	28.62
Nov-29-2021	22.96
Nov-30-2021	27.19
Dec-01-2021	31.12
Dec-02-2021	27.95
Dec-03-2021	30.67
Dec-06-2021	27.18
Dec-07-2021	21.89
Dec-08-2021	19.90
Dec-09-2021	21.58
Dec-10-2021	18.69
Dec-13-2021	20.31
Dec-14-2021	21.89
Dec-15-2021	19.29
Dec-16-2021	20.57
Dec-17-2021	21.57
Dec-20-2021	22.87
Dec-21-2021	21.01
Dec-22-2021	18.63
Dec-23-2021	17.96
Dec-27-2021	17.68
Dec-28-2021	17.54
Dec-29-2021	16.95
Dec-30-2021	17.33
Dec-31-2021	17.22
Jan-03-2022	16.60
Jan-04-2022	16.91
Jan-05-2022	19.73
Jan-06-2022	19.61
Jan-07-2022	18.76
Jan-10-2022	19.40
Jan-11-2022	18.41
Jan-12-2022	17.62
Jan-13-2022	20.31
Jan-14-2022	19.19
Jan-18-2022	22.79
Jan-19-2022	23.85
Jan-20-2022	25.59
Jan-21-2022	28.85
Jan-24-2022	29.90
Jan-25-2022	31.16
Jan-26-2022	31.96
Jan-27-2022	30.49
Jan-28-2022	27.66
Jan-31-2022	24.83
Feb-01-2022	21.96
Feb-02-2022	22.09
Feb-03-2022	24.35
Feb-04-2022	23.22
Feb-07-2022	22.86
Feb-08-2022	21.44
Feb-09-2022	19.96
Feb-10-2022	23.91
Feb-11-2022	27.36
Feb-14-2022	28.33
Feb-15-2022	25.70
Feb-16-2022	24.29
Feb-17-2022	28.11
Feb-18-2022	27.75
Feb-22-2022	28.81
Feb-23-2022	31.02
Feb-24-2022	30.32
Feb-25-2022	27.59
Feb-28-2022	30.15
Mar-01-2022	33.32
Mar-02-2022	30.74
Mar-03-2022	30.48
Mar-04-2022	31.98
Mar-07-2022	36.45
Mar-08-2022	35.13
Mar-09-2022	32.45
Mar-10-2022	30.23
Mar-11-2022	30.75
Mar-14-2022	31.77
Mar-15-2022	29.83
Mar-16-2022	26.67
Mar-17-2022	25.67
Mar-18-2022	23.87
Mar-21-2022	23.53
Mar-22-2022	22.94
Mar-23-2022	23.57
Mar-24-2022	21.67
Mar-25-2022	20.81
Mar-28-2022	19.63
Mar-29-2022	18.90
Mar-30-2022	19.33
Mar-31-2022	20.56
Apr-01-2022	19.63
Apr-04-2022	18.57
Apr-05-2022	21.03
Apr-06-2022	22.10
Apr-07-2022	21.55
Apr-08-2022	21.16
Apr-11-2022	24.37
Apr-12-2022	24.26
Apr-13-2022	21.82
Apr-14-2022	22.70
Apr-18-2022	22.17
Apr-19-2022	21.37
Apr-20-2022	20.32
Apr-21-2022	22.68
Apr-22-2022	28.21
Apr-25-2022	27.02
Apr-26-2022	33.52
Apr-27-2022	31.60
Apr-28-2022	29.99
Apr-29-2022	33.40
May-02-2022	32.34
May-03-2022	29.25
May-04-2022	25.42
May-05-2022	31.20
May-06-2022	30.19
May-09-2022	34.75
May-10-2022	32.99
May-11-2022	32.56
May-12-2022	31.77
May-13-2022	28.87
May-16-2022	27.47
May-17-2022	26.10
May-18-2022	30.96
May-19-2022	29.35
May-20-2022	29.43
May-23-2022	28.48
May-24-2022	29.45
May-25-2022	28.37
May-26-2022	27.50
May-27-2022	25.72
May-31-2022	26.19
Jun-01-2022	25.69
Jun-02-2022	24.72
Jun-03-2022	24.79
Jun-06-2022	25.07
Jun-07-2022	24.02
Jun-08-2022	23.96
Jun-09-2022	26.09
Jun-10-2022	27.75
Jun-13-2022	34.02
Jun-14-2022	32.69
Jun-15-2022	29.62
Jun-16-2022	32.95
Jun-17-2022	31.13
Jun-21-2022	30.19
Jun-22-2022	28.95
Jun-23-2022	29.05
Jun-24-2022	27.23
Jun-27-2022	26.95
Jun-28-2022	28.36
Jun-29-2022	28.16
Jun-30-2022	28.71
Jul-01-2022	26.70
Jul-05-2022	27.54
Jul-06-2022	26.73
Jul-07-2022	26.08
Jul-08-2022	24.64
Jul-11-2022	26.17
Jul-12-2022	27.29
Jul-13-2022	26.82
Jul-14-2022	26.40
Jul-15-2022	24.23
Jul-18-2022	25.30
Jul-19-2022	24.50
Jul-20-2022	23.88
Jul-21-2022	23.11
Jul-22-2022	23.03
Jul-25-2022	23.36
Jul-26-2022	24.69
Jul-27-2022	23.24
Jul-28-2022	22.33
Jul-29-2022	21.33
Aug-01-2022	22.84
Aug-02-2022	23.93
Aug-03-2022	21.95
Aug-04-2022	21.44
Aug-05-2022	21.15
Aug-08-2022	21.29
Aug-09-2022	21.77
Aug-10-2022	19.74
Aug-11-2022	20.20
Aug-12-2022	19.53
Aug-15-2022	19.95
Aug-16-2022	19.69
Aug-17-2022	19.90
Aug-18-2022	19.56
Aug-19-2022	20.60
Aug-22-2022	23.80
Aug-23-2022	24.11
Aug-24-2022	22.82
Aug-25-2022	21.78
Aug-26-2022	25.56
Aug-29-2022	26.21
Aug-30-2022	26.21
Aug-31-2022	25.87
Sep-01-2022	25.56
Sep-02-2022	25.47
Sep-06-2022	26.91
Sep-07-2022	24.64
Sep-08-2022	23.61
Sep-09-2022	22.79
Sep-12-2022	23.87
Sep-13-2022	27.27
Sep-14-2022	26.16
Sep-15-2022	26.27
Sep-16-2022	26.30
Sep-19-2022	25.76
Sep-20-2022	27.16
Sep-21-2022	27.99
Sep-22-2022	27.35
Sep-23-2022	29.92
Sep-26-2022	32.26
Sep-27-2022	32.60
Sep-28-2022	30.18
Sep-29-2022	31.84
Sep-30-2022	31.62
Oct-03-2022	30.10
Oct-04-2022	29.07
Oct-05-2022	28.55
Oct-06-2022	30.52
Oct-07-2022	31.36
Oct-10-2022	32.45
Oct-11-2022	33.63
Oct-12-2022	33.57
Oct-13-2022	31.94
Oct-14-2022	32.02
Oct-17-2022	31.37
Oct-18-2022	30.50
Oct-19-2022	30.76
Oct-20-2022	29.98
Oct-21-2022	29.69
Oct-24-2022	29.85
Oct-25-2022	28.46
Oct-26-2022	27.28
Oct-27-2022	27.39
Oct-28-2022	25.75
Oct-31-2022	25.88
Nov-01-2022	25.81
Nov-02-2022	25.86
Nov-03-2022	25.30
Nov-04-2022	24.55
Nov-07-2022	24.35
Nov-08-2022	25.54
Nov-09-2022	26.09
Nov-10-2022	23.53
Nov-11-2022	22.52
Nov-14-2022	23.73
Nov-15-2022	24.54
Nov-16-2022	24.11
Nov-17-2022	23.93
Nov-18-2022	23.12
Nov-21-2022	22.36
Nov-22-2022	21.29
Nov-23-2022	20.35
Nov-25-2022	20.50
Nov-28-2022	22.21
Nov-29-2022	21.89
Nov-30-2022	20.58
Dec-01-2022	19.84
Dec-02-2022	19.06
Dec-05-2022	20.75
Dec-06-2022	22.17
Dec-07-2022	22.68
Dec-08-2022	22.29
Dec-09-2022	22.83
Dec-12-2022	25.00
Dec-13-2022	22.55
Dec-14-2022	21.14
Dec-15-2022	22.83
Dec-16-2022	22.62
Dec-19-2022	22.42
Dec-20-2022	21.48
Dec-21-2022	20.07
Dec-22-2022	21.97
Dec-23-2022	20.87
Dec-27-2022	21.65
Dec-28-2022	22.14
Dec-29-2022	21.44
Dec-30-2022	21.67
Jan-03-2023	22.90
Jan-04-2023	22.01
Jan-05-2023	22.46
Jan-06-2023	21.13
Jan-09-2023	21.97
Jan-10-2023	20.58
Jan-11-2023	21.09
Jan-12-2023	18.83
Jan-13-2023	18.35
Jan-17-2023	19.36
Jan-18-2023	20.34
Jan-19-2023	20.52
Jan-20-2023	19.85
Jan-23-2023	19.81
Jan-24-2023	19.20
Jan-25-2023	19.08
Jan-26-2023	18.73
Jan-27-2023	18.51
Jan-30-2023	19.94
Jan-31-2023	19.40
Feb-01-2023	17.87
Feb-02-2023	18.73
Feb-03-2023	18.33
Feb-06-2023	19.43
Feb-07-2023	18.66
Feb-08-2023	19.63
Feb-09-2023	20.71
Feb-10-2023	20.53
Feb-13-2023	20.34
Feb-14-2023	18.91
Feb-15-2023	18.23
Feb-16-2023	20.17
Feb-17-2023	20.02
Feb-21-2023	22.87
Feb-22-2023	22.29
Feb-23-2023	21.14
Feb-24-2023	21.67
Feb-27-2023	20.95
Feb-28-2023	20.70
Mar-01-2023	20.58
Mar-02-2023	19.59
Mar-03-2023	18.49
Mar-06-2023	18.61
Mar-07-2023	19.59
Mar-08-2023	19.11
Mar-09-2023	22.61
Mar-10-2023	24.80
Mar-13-2023	26.52
Mar-14-2023	23.73
Mar-15-2023	26.14
Mar-16-2023	22.99
Mar-17-2023	25.51
Mar-20-2023	24.15
Mar-21-2023	21.38
Mar-22-2023	22.26
Mar-23-2023	22.61
Mar-24-2023	21.74
Mar-27-2023	20.60
Mar-28-2023	19.97
Mar-29-2023	19.12
Mar-30-2023	19.02
Mar-31-2023	18.70
Apr-03-2023	18.55
Apr-04-2023	19.00
Apr-05-2023	19.08
Apr-06-2023	18.40
Apr-10-2023	18.97
Apr-11-2023	19.10
Apr-12-2023	19.09
Apr-13-2023	17.80
Apr-14-2023	17.07
Apr-17-2023	16.95
Apr-18-2023	16.83
Apr-19-2023	16.46
Apr-20-2023	17.17
Apr-21-2023	16.77
Apr-24-2023	16.89
Apr-25-2023	18.76
Apr-26-2023	18.84
Apr-27-2023	17.03
Apr-28-2023	15.78
May-01-2023	16.08
May-02-2023	17.78
May-03-2023	18.34
May-04-2023	20.09
May-05-2023	17.19
May-08-2023	16.98
May-09-2023	17.71
May-10-2023	16.94
May-11-2023	16.93
May-12-2023	17.03
May-15-2023	17.12
May-16-2023	17.99
May-17-2023	16.87
May-18-2023	16.05
May-19-2023	16.81
May-22-2023	17.21
May-23-2023	18.53
May-24-2023	20.03
May-25-2023	19.14
May-26-2023	17.95
May-30-2023	17.46
May-31-2023	17.94
Jun-01-2023	15.65
Jun-02-2023	14.60
Jun-05-2023	14.73
Jun-06-2023	13.96
Jun-07-2023	13.94
Jun-08-2023	13.65
Jun-09-2023	13.83
Jun-12-2023	15.01
Jun-13-2023	14.61
Jun-14-2023	13.88
Jun-15-2023	14.50
Jun-16-2023	13.54
Jun-19-2023	14.19
Jun-20-2023	13.88
Jun-21-2023	13.20
Jun-22-2023	12.91
Jun-23-2023	13.44
Jun-26-2023	14.25
Jun-27-2023	13.74
Jun-28-2023	13.43
Jun-29-2023	13.54
Jun-30-2023	13.59
Jul-03-2023	13.57
Jul-04-2023	13.70
Jul-05-2023	14.18
Jul-06-2023	15.44
Jul-07-2023	14.83
Jul-10-2023	15.07
Jul-11-2023	14.84
Jul-12-2023	13.54
Jul-13-2023	13.61
Jul-14-2023	13.34
Jul-17-2023	13.48
Jul-18-2023	13.30
Jul-19-2023	13.76
Jul-20-2023	13.99
Jul-21-2023	13.60
Jul-24-2023	13.91
Jul-25-2023	13.86
Jul-26-2023	13.19
Jul-27-2023	14.41
Jul-28-2023	13.33
Jul-31-2023	13.63
Aug-01-2023	13.93
Aug-02-2023	16.09
Aug-03-2023	15.92
Aug-04-2023	17.10
Aug-07-2023	15.77
Aug-08-2023	15.99
Aug-09-2023	15.96
Aug-10-2023	15.85
Aug-11-2023	14.84
Aug-14-2023	14.82
Aug-15-2023	16.46
Aug-16-2023	16.78
Aug-17-2023	17.89
Aug-18-2023	17.30
Aug-21-2023	17.13
Aug-22-2023	16.97
Aug-23-2023	15.98
Aug-24-2023	17.20
Aug-25-2023	15.68
Aug-28-2023	15.08
Aug-29-2023	14.45
Aug-30-2023	13.88
Aug-31-2023	13.57
Sep-01-2023	13.09
Sep-04-2023	13.82
Sep-05-2023	14.01
Sep-06-2023	14.45
Sep-07-2023	14.40
Sep-08-2023	13.84
Sep-11-2023	13.80
Sep-12-2023	14.23
Sep-13-2023	13.48
Sep-14-2023	12.82
Sep-15-2023	13.79
Sep-18-2023	14.00
Sep-19-2023	14.11
Sep-20-2023	15.14
Sep-21-2023	17.54
Sep-22-2023	17.20
Sep-25-2023	16.90
Sep-26-2023	18.94
Sep-27-2023	18.22
Sep-28-2023	17.34
Sep-29-2023	17.52
Oct-02-2023	17.61
Oct-03-2023	19.78
Oct-04-2023	18.58
Oct-05-2023	18.49
Oct-06-2023	17.45
Oct-09-2023	17.70
Oct-10-2023	17.03
Oct-11-2023	16.09
Oct-12-2023	16.69
Oct-13-2023	19.32
Oct-16-2023	17.21
Oct-17-2023	17.88
Oct-18-2023	19.22
Oct-19-2023	21.40
Oct-20-2023	21.71
Oct-23-2023	20.37
Oct-24-2023	18.97
Oct-25-2023	20.19
Oct-26-2023	20.68
Oct-27-2023	21.27
Oct-30-2023	19.75
Oct-31-2023	18.14
Nov-01-2023	16.87
Nov-02-2023	15.66
Nov-03-2023	14.91
Nov-06-2023	14.89
Nov-07-2023	14.81
Nov-08-2023	14.45
Nov-09-2023	15.29
Nov-10-2023	14.17
Nov-13-2023	14.76
Nov-14-2023	14.16
Nov-15-2023	14.18
Nov-16-2023	14.32
Nov-17-2023	13.80
Nov-20-2023	13.41
Nov-21-2023	13.35
Nov-22-2023	12.85
Nov-23-2023	12.80
Nov-24-2023	12.46
Nov-27-2023	12.69
Nov-28-2023	12.69
Nov-29-2023	12.98
Nov-30-2023	12.92
Dec-01-2023	12.63
Dec-04-2023	13.08
Dec-05-2023	12.85
Dec-06-2023	12.97
Dec-07-2023	13.06
Dec-08-2023	12.35
Dec-11-2023	12.63
Dec-12-2023	12.07
Dec-13-2023	12.19
Dec-14-2023	12.48
Dec-15-2023	12.28
Dec-18-2023	12.56
Dec-19-2023	12.53
Dec-20-2023	13.67
Dec-21-2023	13.65
Dec-22-2023	13.03
Dec-26-2023	12.99
Dec-27-2023	12.43
Dec-28-2023	12.47
Dec-29-2023	12.45
Jan-02-2024	13.20
Jan-03-2024	14.04
Jan-04-2024	14.13
Jan-05-2024	13.35
Jan-08-2024	13.08
Jan-09-2024	12.76
Jan-10-2024	12.69
Jan-11-2024	12.44
Jan-12-2024	12.70
Jan-15-2024	13.25
Jan-16-2024	13.84
Jan-17-2024	14.79
Jan-18-2024	14.13
Jan-19-2024	13.30
Jan-22-2024	13.19
Jan-23-2024	12.55
Jan-24-2024	13.14
Jan-25-2024	13.45
Jan-26-2024	13.26
Jan-29-2024	13.60
Jan-30-2024	13.31
Jan-31-2024	14.35
Feb-01-2024	13.88
Feb-02-2024	13.85
Feb-05-2024	13.67
Feb-06-2024	13.06
Feb-07-2024	12.83
Feb-08-2024	12.79
Feb-09-2024	12.93
Feb-12-2024	13.93
Feb-13-2024	15.85
Feb-14-2024	14.38
Feb-15-2024	14.01
Feb-16-2024	14.24
Feb-19-2024	14.71
Feb-20-2024	15.42
Feb-21-2024	15.34
Feb-22-2024	14.54
Feb-23-2024	13.75
Feb-26-2024	13.74
Feb-27-2024	13.43
Feb-28-2024	13.84
Feb-29-2024	13.40
Mar-01-2024	13.11
Mar-04-2024	13.49
Mar-05-2024	14.46
Mar-06-2024	14.50
Mar-07-2024	14.44
Mar-08-2024	14.74
Mar-11-2024	15.22
Mar-12-2024	13.84
Mar-13-2024	13.75
Mar-14-2024	14.40
Mar-15-2024	14.41
Mar-18-2024	14.33
Mar-19-2024	13.82
Mar-20-2024	13.04
Mar-21-2024	12.92
Mar-22-2024	13.06
Mar-25-2024	13.19
Mar-26-2024	13.24
Mar-27-2024	12.78
Mar-28-2024	13.01
Apr-01-2024	13.65
Apr-02-2024	14.61
Apr-03-2024	14.33
Apr-04-2024	16.35
Apr-05-2024	16.03
Apr-08-2024	15.19
Apr-09-2024	14.98
Apr-10-2024	15.80
Apr-11-2024	14.91
Apr-12-2024	17.31
Apr-15-2024	19.23
Apr-16-2024	18.40
Apr-17-2024	18.21
Apr-18-2024	18.00
Apr-19-2024	18.71
Apr-22-2024	16.94
Apr-23-2024	15.69
Apr-24-2024	15.97
Apr-25-2024	15.37
Apr-26-2024	15.03
Apr-29-2024	14.67
Apr-30-2024	15.65
May-01-2024	15.39
May-02-2024	14.68
May-03-2024	13.49
May-06-2024	13.49
May-07-2024	13.23
May-08-2024	13.00
May-09-2024	12.69
May-10-2024	12.55
May-13-2024	13.60
May-14-2024	13.42
May-15-2024	12.45
May-16-2024	12.42
May-17-2024	11.99
May-20-2024	12.15
May-21-2024	11.86
May-22-2024	12.29
May-23-2024	12.77
May-24-2024	11.93
May-27-2024	12.36
May-28-2024	12.92
May-29-2024	14.28
May-30-2024	14.47
May-31-2024	12.92
Jun-03-2024	13.11
Jun-04-2024	13.16
Jun-05-2024	12.63
Jun-06-2024	12.58
Jun-07-2024	12.22
Jun-10-2024	12.74
Jun-11-2024	12.85
Jun-12-2024	12.04
Jun-13-2024	11.94
Jun-14-2024	12.66
Jun-17-2024	12.75
Jun-18-2024	12.30
Jun-19-2024	12.48
Jun-20-2024	13.28
Jun-21-2024	13.20
Jun-24-2024	13.33
Jun-25-2024	12.84
Jun-26-2024	12.55
Jun-27-2024	12.24
Jun-28-2024	12.44
Jul-01-2024	12.22
Jul-02-2024	12.03
Jul-03-2024	12.09
Jul-04-2024	12.26
Jul-05-2024	12.48
Jul-08-2024	12.37
Jul-09-2024	12.51
Jul-10-2024	12.85
Jul-11-2024	12.92
Jul-12-2024	12.46
Jul-15-2024	13.12
Jul-16-2024	13.19
Jul-17-2024	14.48
Jul-18-2024	15.93
Jul-19-2024	16.52
Jul-22-2024	14.91
Jul-23-2024	14.72
Jul-24-2024	18.04
Jul-25-2024	18.46
Jul-26-2024	16.39
Jul-29-2024	16.60
Jul-30-2024	17.69
Jul-31-2024	16.36
Aug-01-2024	18.59
Aug-02-2024	23.39
Aug-05-2024	38.57
Aug-06-2024	27.71
Aug-07-2024	27.85
Aug-08-2024	23.79
Aug-09-2024	20.37
Aug-12-2024	20.71
Aug-13-2024	18.12
Aug-14-2024	16.19
Aug-15-2024	15.23
Aug-16-2024	14.80
Aug-19-2024	14.65
Aug-20-2024	15.88
Aug-21-2024	16.27
Aug-22-2024	17.55
Aug-23-2024	15.86
Aug-26-2024	16.15
Aug-27-2024	15.43
Aug-28-2024	17.11
Aug-29-2024	15.65
Aug-30-2024	15.00
Sep-02-2024	15.55
Sep-03-2024	20.72
Sep-04-2024	21.32
Sep-05-2024	19.90
Sep-06-2024	22.38
Sep-09-2024	19.45
Sep-10-2024	19.08
Sep-11-2024	17.69
Sep-12-2024	17.07
Sep-13-2024	16.56
Sep-16-2024	17.14
Sep-17-2024	17.61
Sep-18-2024	18.23
Sep-19-2024	16.33
Sep-20-2024	16.15
Sep-23-2024	15.89
Sep-24-2024	15.39
Sep-25-2024	15.41
Sep-26-2024	15.37
Sep-27-2024	16.96
Sep-30-2024	16.73
Oct-01-2024	19.26
Oct-02-2024	18.90
Oct-03-2024	20.49
Oct-04-2024	19.21
Oct-07-2024	22.64
Oct-08-2024	21.42
Oct-09-2024	20.86
Oct-10-2024	20.93
Oct-11-2024	20.46
Oct-14-2024	19.70
Oct-15-2024	20.64
Oct-16-2024	19.58
Oct-17-2024	19.11
Oct-18-2024	18.03
Oct-21-2024	18.37
Oct-22-2024	18.20
Oct-23-2024	19.24
Oct-24-2024	19.08
Oct-25-2024	20.33
Oct-28-2024	19.80
Oct-29-2024	19.34
Oct-30-2024	20.35
Oct-31-2024	23.16
Nov-01-2024	21.88
Nov-04-2024	21.98
Nov-05-2024	20.49
Nov-06-2024	16.27
Nov-07-2024	15.20
Nov-08-2024	14.94
Nov-11-2024	14.97
Nov-12-2024	14.71
Nov-13-2024	14.02
Nov-14-2024	14.31
Nov-15-2024	16.14
Nov-18-2024	15.58
Nov-19-2024	16.35
Nov-20-2024	17.16
Nov-21-2024	16.87
Nov-22-2024	15.24
Nov-25-2024	14.60
Nov-26-2024	14.10
Nov-27-2024	14.10
Nov-28-2024	13.90
Nov-29-2024	13.51
Dec-02-2024	13.34
Dec-03-2024	13.30
Dec-04-2024	13.45
Dec-05-2024	13.54
Dec-06-2024	12.77
Dec-09-2024	14.19
Dec-10-2024	14.18
Dec-11-2024	13.58
Dec-12-2024	13.92
Dec-13-2024	13.81
Dec-16-2024	14.69
Dec-17-2024	15.87
Dec-18-2024	27.62
Dec-19-2024	24.09
Dec-20-2024	18.36
Dec-23-2024	16.78
Dec-24-2024	14.27
Dec-26-2024	14.73
Dec-27-2024	15.95
Dec-30-2024	17.40
Dec-31-2024	17.35
Jan-02-2025	17.93
Jan-03-2025	16.13
Jan-06-2025	16.04
Jan-07-2025	17.82
Jan-08-2025	17.70
Jan-09-2025	18.07
Jan-10-2025	19.54
Jan-13-2025	19.19
Jan-14-2025	18.71
Jan-15-2025	16.12
Jan-16-2025	16.60
Jan-17-2025	15.97
Jan-20-2025	16.36
Jan-21-2025	15.06
Jan-22-2025	15.10
Jan-23-2025	15.02
Jan-24-2025	14.85
Jan-27-2025	17.90
Jan-28-2025	16.41
Jan-29-2025	16.56
Jan-30-2025	15.84
Jan-31-2025	16.43
Feb-03-2025	18.62
Feb-04-2025	17.21
Feb-05-2025	15.77
Feb-06-2025	15.50
Feb-07-2025	16.54
Feb-10-2025	15.81
Feb-11-2025	16.02
Feb-12-2025	15.89
Feb-13-2025	15.10
Feb-14-2025	14.77
Feb-17-2025	15.37
Feb-18-2025	15.35
Feb-19-2025	15.27
Feb-20-2025	15.66
Feb-21-2025	18.21
Feb-24-2025	18.98
Feb-25-2025	19.43
Feb-26-2025	19.10
Feb-27-2025	21.13
Feb-28-2025	19.63
Mar-03-2025	22.78
Mar-04-2025	23.51
Mar-05-2025	21.93
Mar-06-2025	24.87
Mar-07-2025	23.37
Mar-10-2025	27.86
Mar-11-2025	26.92
Mar-12-2025	24.23
Mar-13-2025	24.66
Mar-14-2025	21.77
Mar-17-2025	20.51
Mar-18-2025	21.70
Mar-19-2025	19.90
Mar-20-2025	19.80
Mar-21-2025	19.28
Mar-24-2025	17.48
Mar-25-2025	17.15
Mar-26-2025	18.33
Mar-27-2025	18.69
Mar-28-2025	21.65
Mar-31-2025	22.28
Apr-01-2025	21.77
Apr-02-2025	21.51
Apr-03-2025	30.02
Apr-04-2025	45.31
Apr-07-2025	46.98
Apr-08-2025	52.33
Apr-09-2025	33.62
Apr-10-2025	40.72
Apr-11-2025	37.56
Apr-14-2025	30.89
Apr-15-2025	30.12
Apr-16-2025	32.64
Apr-17-2025	29.65
Apr-21-2025	33.82
Apr-22-2025	30.57
Apr-23-2025	28.45
Apr-24-2025	26.47
Apr-25-2025	24.84
Apr-28-2025	25.15
Apr-29-2025	24.17
Apr-30-2025	24.70
May-01-2025	24.60
May-02-2025	22.68
May-05-2025	23.64
May-06-2025	24.76
May-07-2025	23.55
May-08-2025	22.48
May-09-2025	21.90
May-12-2025	18.39
May-13-2025	18.22
May-14-2025	18.62
May-15-2025	17.83
May-16-2025	17.24
May-19-2025	18.14
May-20-2025	18.09
May-21-2025	20.87
May-22-2025	20.28
May-23-2025	22.29
May-26-2025	20.57
May-27-2025	18.96
May-28-2025	19.31
May-29-2025	19.18
May-30-2025	18.57
Jun-02-2025	18.36
Jun-03-2025	17.69
Jun-04-2025	17.61
Jun-05-2025	18.48
Jun-06-2025	16.77
Jun-09-2025	17.16
Jun-10-2025	16.95
Jun-11-2025	17.26
Jun-12-2025	18.02
Jun-13-2025	20.82
Jun-16-2025	19.11
Jun-17-2025	21.60
Jun-18-2025	20.14
Jun-19-2025	22.17
Jun-20-2025	20.62
Jun-23-2025	19.83
Jun-24-2025	17.48
Jun-25-2025	16.76
Jun-26-2025	16.59
Jun-27-2025	16.32
Jun-30-2025	16.73
Jul-01-2025	16.83
Jul-02-2025	16.64
Jul-03-2025	16.38
Jul-04-2025	17.48
Jul-07-2025	17.79
Jul-08-2025	16.81
Jul-09-2025	15.94
Jul-10-2025	15.78
Jul-11-2025	16.40
Jul-14-2025	17.20
Jul-15-2025	17.38
Jul-16-2025	17.16
Jul-17-2025	16.52
Jul-18-2025	16.41
Jul-21-2025	16.65
Jul-22-2025	16.50
Jul-23-2025	15.37
Jul-24-2025	15.39
Jul-25-2025	14.93
Jul-28-2025	15.03
Jul-29-2025	15.98
Jul-30-2025	15.48
Jul-31-2025	16.72
Aug-01-2025	20.38
Aug-04-2025	17.52
Aug-05-2025	17.85
Aug-06-2025	16.77
Aug-07-2025	16.57
Aug-08-2025	15.15
Aug-11-2025	16.25
Aug-12-2025	14.73
Aug-13-2025	14.49
Aug-14-2025	14.83
Aug-15-2025	15.09
Aug-18-2025	14.99
Aug-19-2025	15.57
Aug-20-2025	15.69
Aug-21-2025	16.60
Aug-22-2025	14.22
Aug-25-2025	14.79
Aug-26-2025	14.62
Aug-27-2025	14.85
Aug-28-2025	14.43
Aug-29-2025	15.36
Sep-01-2025	16.12
Sep-02-2025	17.17
Sep-03-2025	16.35
Sep-04-2025	15.30
Sep-05-2025	15.18
Sep-08-2025	15.11
Sep-09-2025	15.04
Sep-10-2025	15.35
Sep-11-2025	14.71
Sep-12-2025	14.76
Sep-15-2025	15.69
Sep-16-2025	16.36
Sep-17-2025	15.72
Sep-18-2025	15.70
Sep-19-2025	15.45
Sep-22-2025	16.10
Sep-23-2025	16.64
Sep-24-2025	16.18
Sep-25-2025	16.74
Sep-26-2025	15.29
Sep-29-2025	16.12
Sep-30-2025	16.28
Oct-01-2025	16.29
Oct-02-2025	16.63
Oct-03-2025	16.65
Oct-06-2025	16.37
Oct-07-2025	17.24
Oct-08-2025	16.30
Oct-09-2025	16.43
Oct-10-2025	21.66
Oct-13-2025	19.03
Oct-14-2025	20.81
Oct-15-2025	20.64
Oct-16-2025	25.31
Oct-17-2025	20.78
Oct-20-2025	18.23
Oct-21-2025	17.87
Oct-22-2025	18.60
Oct-23-2025	17.30
Oct-24-2025	16.37
Oct-27-2025	15.79
Oct-28-2025	16.42
Oct-29-2025	16.92
Oct-30-2025	16.91
Oct-31-2025	17.44
Nov-03-2025	17.17
Nov-04-2025	19.00
Nov-05-2025	18.01
Nov-06-2025	19.50
Nov-07-2025	19.08
Nov-10-2025	17.60
Nov-11-2025	17.28
Nov-12-2025	17.51
Nov-13-2025	20.00
Nov-14-2025	19.83
Nov-17-2025	22.38
Nov-18-2025	24.69
Nov-19-2025	23.66
Nov-20-2025	26.42
Nov-21-2025	23.43
Nov-24-2025	20.52
Nov-25-2025	18.56
Nov-26-2025	17.19
Nov-27-2025	17.21
Nov-28-2025	16.35
Dec-01-2025	17.24
Dec-02-2025	16.59
Dec-03-2025	16.08
Dec-04-2025	15.78
Dec-05-2025	15.41
Dec-08-2025	16.66
Dec-09-2025	16.93
Dec-10-2025	15.77
Dec-11-2025	14.85
Dec-12-2025	15.74
Dec-15-2025	16.50
Dec-16-2025	16.48
Dec-17-2025	17.62
Dec-18-2025	16.87
Dec-19-2025	14.91
Dec-22-2025	14.08
Dec-23-2025	14.00
Dec-24-2025	13.47
Dec-26-2025	13.60
Dec-29-2025	14.20
Dec-30-2025	14.33
Dec-31-2025	14.95
Jan-02-2026	14.51
Jan-05-2026	14.90
Jan-06-2026	14.75
Jan-07-2026	15.38
Jan-08-2026	15.45
Jan-09-2026	14.49
Jan-12-2026	15.12
Jan-13-2026	15.98
Jan-14-2026	16.75
Jan-15-2026	15.84
Jan-16-2026	15.86
Jan-19-2026	18.84
Jan-20-2026	20.09
Jan-21-2026	16.90
Jan-22-2026	15.64
Jan-23-2026	16.09
Jan-26-2026	16.15
Jan-27-2026	16.35
Jan-28-2026	16.35
Jan-29-2026	16.88
Jan-30-2026	17.44
Feb-02-2026	16.34
Feb-03-2026	18.00
Feb-04-2026	18.64
Feb-05-2026	21.77
Feb-06-2026	17.76
Feb-09-2026	17.36
Feb-10-2026	17.79
Feb-11-2026	17.65
Feb-12-2026	20.82
Feb-13-2026	20.60
Feb-16-2026	21.20
Feb-17-2026	20.29
Feb-18-2026	19.62
Feb-19-2026	20.23