Date,Price($),Mean,SmartEstimate,Median,Low,High
18-Feb-2022,236.620,10.400,10.400,10.400,10.400,10.400
19-Feb-2022,236.620,10.400,10.400,10.400,10.400,10.400
20-Feb-2022,236.620,10.400,10.400,10.400,10.400,10.400
21-Feb-2022,236.620,10.400,10.400,10.400,10.400,10.400
22-Feb-2022,238.370,10.400,10.400,10.400,10.400,10.400
23-Feb-2022,235.560,10.400,10.400,10.400,10.400,10.400
24-Feb-2022,237.260,10.400,10.400,10.400,10.400,10.400
25-Feb-2022,239.410,10.400,10.400,10.400,10.400,10.400
26-Feb-2022,239.410,10.400,10.400,10.400,10.400,10.400
27-Feb-2022,239.410,10.400,10.400,10.400,10.400,10.400
28-Feb-2022,236.530,10.400,10.400,10.400,10.400,10.400
01-Mar-2022,233.450,10.400,10.400,10.400,10.400,10.400
02-Mar-2022,236.740,10.400,10.400,10.400,10.400,10.400
03-Mar-2022,240.820,10.400,10.400,10.400,10.400,10.400
04-Mar-2022,243.770,10.400,10.400,10.400,10.400,10.400
05-Mar-2022,243.770,10.400,10.400,10.400,10.400,10.400
06-Mar-2022,243.770,10.400,10.400,10.400,10.400,10.400
07-Mar-2022,235.730,10.400,10.400,10.400,10.400,10.400
08-Mar-2022,222.730,10.400,10.400,10.400,10.400,10.400
09-Mar-2022,230.090,10.400,10.400,10.400,10.400,10.400
10-Mar-2022,227.960,10.400,10.400,10.400,10.400,10.400
11-Mar-2022,225.960,10.400,10.400,10.400,10.400,10.400
12-Mar-2022,225.960,10.400,10.400,10.400,10.400,10.400
13-Mar-2022,225.960,10.400,10.400,10.400,10.400,10.400
14-Mar-2022,229.570,10.400,10.400,10.400,10.400,10.400
15-Mar-2022,232.000,10.400,10.400,10.400,10.400,10.400
16-Mar-2022,242.010,10.400,10.400,10.400,10.400,10.400
17-Mar-2022,246.280,10.400,10.400,10.400,10.400,10.400
18-Mar-2022,249.600,10.400,10.400,10.400,10.400,10.400
19-Mar-2022,249.600,10.400,10.400,10.400,10.400,10.400
20-Mar-2022,249.600,10.400,10.400,10.400,10.400,10.400
21-Mar-2022,250.760,10.400,10.400,10.400,10.400,10.400
22-Mar-2022,247.990,10.400,10.400,10.400,10.400,10.400
23-Mar-2022,246.790,10.400,10.400,10.400,10.400,10.400
24-Mar-2022,244.930,10.400,10.400,10.400,10.400,10.400
25-Mar-2022,247.720,10.400,10.400,10.400,10.400,10.400
26-Mar-2022,247.720,10.400,10.400,10.400,10.400,10.400
27-Mar-2022,247.720,10.400,10.400,10.400,10.400,10.400
28-Mar-2022,244.580,10.400,10.400,10.400,10.400,10.400
29-Mar-2022,240.890,10.400,10.400,10.400,10.400,10.400
30-Mar-2022,241.800,10.400,10.400,10.400,10.400,10.400
31-Mar-2022,237.860,10.400,10.400,10.400,10.400,10.400
01-Apr-2022,239.820,10.400,10.400,10.400,10.400,10.400
02-Apr-2022,239.820,10.400,10.400,10.400,10.400,10.400
03-Apr-2022,239.820,10.400,10.400,10.400,10.400,10.400
04-Apr-2022,234.590,10.400,10.400,10.400,10.400,10.400
05-Apr-2022,237.460,10.400,10.400,10.400,10.400,10.400
06-Apr-2022,243.450,10.400,10.400,10.400,10.400,10.400
07-Apr-2022,244.300,10.400,10.400,10.400,10.400,10.400
08-Apr-2022,242.500,10.400,10.400,10.400,10.400,10.400
09-Apr-2022,242.500,10.400,10.400,10.400,10.400,10.400
10-Apr-2022,242.500,10.400,10.400,10.400,10.400,10.400
11-Apr-2022,239.840,10.400,10.400,10.400,10.400,10.400
12-Apr-2022,236.030,10.400,10.400,10.400,10.400,10.400
13-Apr-2022,239.360,10.400,10.400,10.400,10.400,10.400
14-Apr-2022,237.660,10.400,10.400,10.400,10.400,10.400
15-Apr-2022,237.660,10.400,10.400,10.400,10.400,10.400
16-Apr-2022,237.660,10.400,10.400,10.400,10.400,10.400
17-Apr-2022,237.660,10.400,10.400,10.400,10.400,10.400
18-Apr-2022,236.240,10.400,10.400,10.400,10.400,10.400
19-Apr-2022,234.100,10.400,10.400,10.400,10.400,10.400
20-Apr-2022,236.200,10.400,10.400,10.400,10.400,10.400
21-Apr-2022,228.370,10.400,10.400,10.400,10.400,10.400
22-Apr-2022,222.920,10.400,10.400,10.400,10.400,10.400
23-Apr-2022,222.920,10.400,10.400,10.400,10.400,10.400
24-Apr-2022,222.920,10.400,10.400,10.400,10.400,10.400
25-Apr-2022,221.560,10.400,10.400,10.400,10.400,10.400
26-Apr-2022,213.270,10.550,10.550,10.550,10.550,10.550
27-Apr-2022,225.930,10.550,10.550,10.550,10.550,10.550
28-Apr-2022,225.720,10.550,10.550,10.550,10.550,10.550
29-Apr-2022,219.340,10.550,10.550,10.550,10.550,10.550
30-Apr-2022,219.340,10.550,10.550,10.550,10.550,10.550
01-May-2022,219.340,10.550,10.550,10.550,10.550,10.550
02-May-2022,216.780,10.550,10.550,10.550,10.550,10.550
03-May-2022,219.160,10.550,10.550,10.550,10.550,10.550
04-May-2022,220.660,10.550,10.550,10.550,10.550,10.550
05-May-2022,213.270,10.550,10.550,10.550,10.550,10.550
06-May-2022,210.370,10.550,10.550,10.550,10.550,10.550
07-May-2022,210.370,10.550,10.550,10.550,10.550,10.550
08-May-2022,210.370,10.550,10.550,10.550,10.550,10.550
09-May-2022,201.600,10.550,10.550,10.550,10.550,10.550
10-May-2022,200.270,10.550,10.550,10.550,10.550,10.550
11-May-2022,198.620,10.550,10.550,10.550,10.550,10.550
12-May-2022,196.010,10.550,10.550,10.550,10.550,10.550
13-May-2022,200.100,10.550,10.550,10.550,10.550,10.550
14-May-2022,200.100,10.550,10.550,10.550,10.550,10.550
15-May-2022,200.100,10.550,10.550,10.550,10.550,10.550
16-May-2022,196.170,10.550,10.550,10.550,10.550,10.550
17-May-2022,196.030,10.550,10.550,10.550,10.550,10.550
18-May-2022,188.480,10.550,10.550,10.550,10.550,10.550
19-May-2022,190.150,10.550,10.550,10.550,10.550,10.550
20-May-2022,192.110,10.550,10.550,10.550,10.550,10.550
21-May-2022,192.110,10.550,10.550,10.550,10.550,10.550
22-May-2022,192.110,10.550,10.550,10.550,10.550,10.550
23-May-2022,191.600,10.550,10.550,10.550,10.550,10.550
24-May-2022,191.670,10.550,10.550,10.550,10.550,10.550
25-May-2022,195.430,10.550,10.550,10.550,10.550,10.550
26-May-2022,196.910,10.550,10.550,10.550,10.550,10.550
27-May-2022,199.930,10.550,10.550,10.550,10.550,10.550
28-May-2022,199.930,10.550,10.550,10.550,10.550,10.550
29-May-2022,199.930,10.550,10.550,10.550,10.550,10.550
30-May-2022,199.930,10.550,10.550,10.550,10.550,10.550
31-May-2022,198.830,10.550,10.550,10.550,10.550,10.550
01-Jun-2022,199.370,10.550,10.550,10.550,10.550,10.550
02-Jun-2022,204.680,10.550,10.550,10.550,10.550,10.550
03-Jun-2022,200.000,10.550,10.550,10.550,10.550,10.550
04-Jun-2022,200.000,10.550,10.550,10.550,10.550,10.550
05-Jun-2022,200.000,10.550,10.550,10.550,10.550,10.550
06-Jun-2022,199.360,10.550,10.550,10.550,10.550,10.550
07-Jun-2022,202.760,10.550,10.550,10.550,10.550,10.550
08-Jun-2022,199.570,10.550,10.550,10.550,10.550,10.550
09-Jun-2022,197.930,10.550,10.550,10.550,10.550,10.550
10-Jun-2022,199.900,10.550,10.550,10.550,10.550,10.550
11-Jun-2022,199.900,10.550,10.550,10.550,10.550,10.550
12-Jun-2022,199.900,10.550,10.550,10.550,10.550,10.550
13-Jun-2022,202.990,10.550,10.550,10.550,10.550,10.550
14-Jun-2022,196.110,10.550,10.550,10.550,10.550,10.550
15-Jun-2022,200.880,10.550,10.550,10.550,10.550,10.550
16-Jun-2022,203.280,10.550,10.550,10.550,10.550,10.550
17-Jun-2022,200.530,10.550,10.550,10.550,10.550,10.550
18-Jun-2022,200.530,10.550,10.550,10.550,10.550,10.550
19-Jun-2022,200.530,10.550,10.550,10.550,10.550,10.550
20-Jun-2022,200.530,10.550,10.550,10.550,10.550,10.550
21-Jun-2022,208.500,10.550,10.550,10.550,10.550,10.550
22-Jun-2022,208.460,10.550,10.550,10.550,10.550,10.550
23-Jun-2022,208.460,10.550,10.550,10.550,10.550,10.550
24-Jun-2022,210.000,10.550,10.550,10.550,10.550,10.550
25-Jun-2022,210.000,10.550,10.550,10.550,10.550,10.550
26-Jun-2022,210.000,10.550,10.550,10.550,10.550,10.550
27-Jun-2022,209.440,10.550,10.550,10.550,10.550,10.550
28-Jun-2022,206.120,10.550,10.550,10.550,10.550,10.550
29-Jun-2022,206.150,10.550,10.550,10.550,10.550,10.550
30-Jun-2022,204.700,10.550,10.550,10.550,10.550,10.550
01-Jul-2022,204.280,10.550,10.550,10.550,10.550,10.550
02-Jul-2022,204.280,10.550,10.550,10.550,10.550,10.550
03-Jul-2022,204.280,10.550,10.550,10.550,10.550,10.550
04-Jul-2022,204.280,10.550,10.550,10.550,10.550,10.550
05-Jul-2022,204.360,10.500,10.500,10.500,10.500,10.500
06-Jul-2022,203.960,10.500,10.500,10.500,10.500,10.500
07-Jul-2022,208.780,10.500,10.500,10.500,10.500,10.500
08-Jul-2022,208.900,10.500,10.500,10.500,10.500,10.500
09-Jul-2022,208.900,10.500,10.500,10.500,10.500,10.500
10-Jul-2022,208.900,10.500,10.500,10.500,10.500,10.500
11-Jul-2022,208.340,10.500,10.500,10.500,10.500,10.500
12-Jul-2022,203.170,10.500,10.500,10.500,10.500,10.500
13-Jul-2022,203.550,10.500,10.500,10.500,10.500,10.500
14-Jul-2022,199.530,10.500,10.500,10.500,10.500,10.500
15-Jul-2022,201.940,10.500,10.500,10.500,10.500,10.500
16-Jul-2022,201.940,10.500,10.500,10.500,10.500,10.500
17-Jul-2022,201.940,10.500,10.500,10.500,10.500,10.500
18-Jul-2022,200.440,10.500,10.500,10.500,10.500,10.500
19-Jul-2022,203.820,10.500,10.500,10.500,10.500,10.500
20-Jul-2022,204.150,10.500,10.500,10.500,10.500,10.500
21-Jul-2022,205.790,10.500,10.500,10.500,10.500,10.500
22-Jul-2022,204.480,10.500,10.500,10.500,10.500,10.500
23-Jul-2022,204.480,10.500,10.500,10.500,10.500,10.500
24-Jul-2022,204.480,10.500,10.500,10.500,10.500,10.500
25-Jul-2022,204.460,10.500,10.500,10.500,10.500,10.500
26-Jul-2022,203.780,10.500,10.500,10.500,10.500,10.500
27-Jul-2022,195.990,10.200,10.200,10.200,10.200,10.200
28-Jul-2022,199.520,10.200,10.200,10.200,10.200,10.200
29-Jul-2022,199.480,10.200,10.200,10.200,10.200,10.200
30-Jul-2022,199.480,10.200,10.200,10.200,10.200,10.200
31-Jul-2022,199.480,10.200,10.200,10.200,10.200,10.200
01-Aug-2022,195.750,10.200,10.200,10.200,10.200,10.200
02-Aug-2022,197.520,10.200,10.200,10.200,10.200,10.200
03-Aug-2022,197.740,10.200,10.200,10.200,10.200,10.200
04-Aug-2022,200.030,10.200,10.200,10.200,10.200,10.200
05-Aug-2022,202.150,10.200,10.200,10.200,10.200,10.200
06-Aug-2022,202.150,10.200,10.200,10.200,10.200,10.200
07-Aug-2022,202.150,10.200,10.200,10.200,10.200,10.200
08-Aug-2022,201.460,10.200,10.200,10.200,10.200,10.200
09-Aug-2022,202.950,10.200,10.200,10.200,10.200,10.200
10-Aug-2022,198.400,10.200,10.200,10.200,10.200,10.200
11-Aug-2022,199.020,10.200,10.200,10.200,10.200,10.200
12-Aug-2022,202.600,10.200,10.200,10.200,10.200,10.200
13-Aug-2022,202.600,10.200,10.200,10.200,10.200,10.200
14-Aug-2022,202.600,10.200,10.200,10.200,10.200,10.200
15-Aug-2022,202.290,10.200,10.200,10.200,10.200,10.200
16-Aug-2022,205.460,10.200,10.200,10.200,10.200,10.200
17-Aug-2022,206.450,10.200,10.200,10.200,10.200,10.200
18-Aug-2022,207.920,10.200,10.200,10.200,10.200,10.200
19-Aug-2022,202.070,10.200,10.200,10.200,10.200,10.200
20-Aug-2022,202.070,10.200,10.200,10.200,10.200,10.200
21-Aug-2022,202.070,10.200,10.200,10.200,10.200,10.200
22-Aug-2022,199.690,10.200,10.200,10.200,10.200,10.200
23-Aug-2022,197.680,10.200,10.200,10.200,10.200,10.200
24-Aug-2022,198.900,10.200,10.200,10.200,10.200,10.200
25-Aug-2022,199.130,10.200,10.200,10.200,10.200,10.200
26-Aug-2022,196.350,10.200,10.200,10.200,10.200,10.200
27-Aug-2022,196.350,10.200,10.200,10.200,10.200,10.200
28-Aug-2022,196.350,10.200,10.200,10.200,10.200,10.200
29-Aug-2022,195.400,10.200,10.200,10.200,10.200,10.200
30-Aug-2022,195.190,10.200,10.200,10.200,10.200,10.200
31-Aug-2022,195.610,10.200,10.200,10.200,10.200,10.200
01-Sep-2022,199.420,10.200,10.200,10.200,10.200,10.200
02-Sep-2022,194.690,10.200,10.200,10.200,10.200,10.200
03-Sep-2022,194.690,10.200,10.200,10.200,10.200,10.200
04-Sep-2022,194.690,10.200,10.200,10.200,10.200,10.200
05-Sep-2022,194.690,10.200,10.200,10.200,10.200,10.200
06-Sep-2022,198.030,10.200,10.200,10.200,10.200,10.200
07-Sep-2022,200.340,10.200,10.200,10.200,10.200,10.200
08-Sep-2022,201.980,10.200,10.200,10.200,10.200,10.200
09-Sep-2022,201.320,10.200,10.200,10.200,10.200,10.200
10-Sep-2022,201.320,10.200,10.200,10.200,10.200,10.200
11-Sep-2022,201.320,10.200,10.200,10.200,10.200,10.200
12-Sep-2022,200.210,10.200,10.200,10.200,10.200,10.200
13-Sep-2022,194.080,10.200,10.200,10.200,10.200,10.200
14-Sep-2022,191.300,10.200,10.200,10.200,10.200,10.200
15-Sep-2022,190.770,10.200,10.200,10.200,10.200,10.200
16-Sep-2022,191.560,10.200,10.200,10.200,10.200,10.200
17-Sep-2022,191.560,10.200,10.200,10.200,10.200,10.200
18-Sep-2022,191.560,10.200,10.200,10.200,10.200,10.200
19-Sep-2022,190.720,10.200,10.200,10.200,10.200,10.200
20-Sep-2022,187.250,10.200,10.200,10.200,10.200,10.200
21-Sep-2022,182.030,10.200,10.200,10.200,10.200,10.200
22-Sep-2022,183.330,10.200,10.200,10.200,10.200,10.200
23-Sep-2022,181.080,10.200,10.200,10.200,10.200,10.200
24-Sep-2022,181.080,10.200,10.200,10.200,10.200,10.200
25-Sep-2022,181.080,10.200,10.200,10.200,10.200,10.200
26-Sep-2022,179.980,10.200,10.200,10.200,10.200,10.200
27-Sep-2022,176.260,10.200,10.200,10.200,10.200,10.200
28-Sep-2022,179.530,10.200,10.200,10.200,10.200,10.200
29-Sep-2022,178.670,10.200,10.200,10.200,10.200,10.200
30-Sep-2022,177.130,10.200,10.200,10.200,10.200,10.200
01-Oct-2022,177.130,10.200,10.200,10.200,10.200,10.200
02-Oct-2022,177.130,10.200,10.200,10.200,10.200,10.200
03-Oct-2022,178.180,10.200,10.200,10.200,10.200,10.200
04-Oct-2022,182.130,9.850,9.850,9.850,9.850,9.850
05-Oct-2022,180.870,9.850,9.850,9.850,9.850,9.850
06-Oct-2022,175.650,9.850,9.850,9.850,9.850,9.850
07-Oct-2022,169.920,9.850,9.850,9.850,9.850,9.850
08-Oct-2022,169.920,9.850,9.850,9.850,9.850,9.850
09-Oct-2022,169.920,9.850,9.850,9.850,9.850,9.850
10-Oct-2022,169.460,9.850,9.850,9.850,9.850,9.850
11-Oct-2022,169.950,9.850,9.850,9.850,9.850,9.850
12-Oct-2022,171.710,9.850,9.850,9.850,9.850,9.850
13-Oct-2022,174.440,9.850,9.850,9.850,9.850,9.850
14-Oct-2022,171.820,9.850,9.850,9.850,9.850,9.850
15-Oct-2022,171.820,9.850,9.850,9.850,9.850,9.850
16-Oct-2022,171.820,9.850,9.850,9.850,9.850,9.850
17-Oct-2022,174.150,9.850,9.850,9.850,9.850,9.850
18-Oct-2022,174.260,9.850,9.850,9.850,9.850,9.850
19-Oct-2022,172.800,9.850,9.850,9.850,9.850,9.850
20-Oct-2022,170.400,9.850,9.850,9.850,9.850,9.850
21-Oct-2022,169.990,9.850,9.850,9.850,9.850,9.850
22-Oct-2022,169.990,9.850,9.850,9.850,9.850,9.850
23-Oct-2022,169.990,9.850,9.850,9.850,9.850,9.850
24-Oct-2022,172.010,9.850,9.850,9.850,9.850,9.850
25-Oct-2022,175.800,9.850,9.850,9.850,9.850,9.850
26-Oct-2022,171.930,9.900,9.900,9.900,9.900,9.900
27-Oct-2022,172.730,9.900,9.900,9.900,9.900,9.900
28-Oct-2022,174.750,9.900,9.900,9.900,9.900,9.900
29-Oct-2022,174.750,9.900,9.900,9.900,9.900,9.900
30-Oct-2022,174.750,9.900,9.900,9.900,9.900,9.900
31-Oct-2022,173.300,9.900,9.900,9.900,9.900,9.900
01-Nov-2022,173.530,9.900,9.900,9.900,9.900,9.900
02-Nov-2022,172.880,9.900,9.900,9.900,9.900,9.900
03-Nov-2022,170.920,9.900,9.900,9.900,9.900,9.900
04-Nov-2022,170.670,9.900,9.900,9.900,9.900,9.900
05-Nov-2022,170.670,9.900,9.900,9.900,9.900,9.900
06-Nov-2022,170.670,9.900,9.900,9.900,9.900,9.900
07-Nov-2022,169.740,9.900,9.900,9.900,9.900,9.900
08-Nov-2022,173.200,9.900,9.900,9.900,9.900,9.900
09-Nov-2022,171.000,9.900,9.900,9.900,9.900,9.900
10-Nov-2022,174.340,9.900,9.900,9.900,9.900,9.900
11-Nov-2022,174.250,9.900,9.900,9.900,9.900,9.900
12-Nov-2022,174.250,9.900,9.900,9.900,9.900,9.900
13-Nov-2022,174.250,9.900,9.900,9.900,9.900,9.900
14-Nov-2022,173.900,9.900,9.900,9.900,9.900,9.900
15-Nov-2022,173.790,9.900,9.900,9.900,9.900,9.900
16-Nov-2022,174.890,9.900,9.900,9.900,9.900,9.900
17-Nov-2022,173.530,9.900,9.900,9.900,9.900,9.900
18-Nov-2022,172.500,9.900,9.900,9.900,9.900,9.900
19-Nov-2022,172.500,9.900,9.900,9.900,9.900,9.900
20-Nov-2022,172.500,9.900,9.900,9.900,9.900,9.900
21-Nov-2022,176.500,9.900,9.900,9.900,9.900,9.900
22-Nov-2022,174.250,9.900,9.900,9.900,9.900,9.900
23-Nov-2022,176.000,9.900,9.900,9.900,9.900,9.900
24-Nov-2022,176.000,9.900,9.900,9.900,9.900,9.900
25-Nov-2022,175.000,9.900,9.900,9.900,9.900,9.900
26-Nov-2022,175.000,9.900,9.900,9.900,9.900,9.900
27-Nov-2022,175.000,9.900,9.900,9.900,9.900,9.900
28-Nov-2022,173.130,9.900,9.900,9.900,9.900,9.900
29-Nov-2022,174.810,9.900,9.900,9.900,9.900,9.900
30-Nov-2022,176.500,9.900,9.900,9.900,9.900,9.900
01-Dec-2022,177.900,9.900,9.900,9.900,9.900,9.900
02-Dec-2022,176.630,9.900,9.900,9.900,9.900,9.900
03-Dec-2022,176.630,9.900,9.900,9.900,9.900,9.900
04-Dec-2022,176.630,9.900,9.900,9.900,9.900,9.900
05-Dec-2022,180.380,9.900,9.900,9.900,9.900,9.900
06-Dec-2022,179.890,9.900,9.900,9.900,9.900,9.900
07-Dec-2022,176.000,9.900,9.900,9.900,9.900,9.900
08-Dec-2022,177.200,9.900,9.900,9.900,9.900,9.900
09-Dec-2022,178.830,9.900,9.900,9.900,9.900,9.900
10-Dec-2022,178.830,9.900,9.900,9.900,9.900,9.900
11-Dec-2022,178.830,9.900,9.900,9.900,9.900,9.900
12-Dec-2022,180.890,9.900,9.900,9.900,9.900,9.900
13-Dec-2022,178.130,9.900,9.900,9.900,9.900,9.900
14-Dec-2022,174.920,9.900,9.900,9.900,9.900,9.900
15-Dec-2022,172.470,9.900,9.900,9.900,9.900,9.900
16-Dec-2022,171.120,9.900,9.900,9.900,9.900,9.900
17-Dec-2022,171.120,9.900,9.900,9.900,9.900,9.900
18-Dec-2022,171.120,9.900,9.900,9.900,9.900,9.900
19-Dec-2022,170.680,9.900,9.900,9.900,9.900,9.900
20-Dec-2022,169.190,9.900,9.900,9.900,9.900,9.900
21-Dec-2022,172.870,9.900,9.900,9.900,9.900,9.900
22-Dec-2022,173.170,9.900,9.900,9.900,9.900,9.900
23-Dec-2022,173.330,9.900,9.900,9.900,9.900,9.900
24-Dec-2022,173.330,9.900,9.900,9.900,9.900,9.900
25-Dec-2022,173.330,9.900,9.900,9.900,9.900,9.900
26-Dec-2022,173.330,9.900,9.900,9.900,9.900,9.900
27-Dec-2022,167.680,9.900,9.900,9.900,9.900,9.900
28-Dec-2022,167.940,9.900,9.900,9.900,9.900,9.900
29-Dec-2022,169.160,9.900,9.900,9.900,9.900,9.900
30-Dec-2022,168.160,9.900,9.900,9.900,9.900,9.900
31-Dec-2022,168.160,9.900,9.900,9.900,9.900,9.900
01-Jan-2023,168.160,9.900,9.900,9.900,9.900,9.900
02-Jan-2023,168.160,9.900,9.900,9.900,9.900,9.900
03-Jan-2023,168.950,9.900,9.900,9.900,9.900,9.900
04-Jan-2023,170.080,9.900,9.900,9.900,9.900,9.900
05-Jan-2023,169.750,9.900,9.900,9.900,9.900,9.900
06-Jan-2023,175.090,9.900,9.900,9.900,9.900,9.900
07-Jan-2023,175.090,9.900,9.900,9.900,9.900,9.900
08-Jan-2023,175.090,9.900,9.900,9.900,9.900,9.900
09-Jan-2023,175.800,9.900,9.900,9.900,9.900,9.900
10-Jan-2023,177.500,9.900,9.900,9.900,9.900,9.900
11-Jan-2023,175.640,9.900,9.900,9.900,9.900,9.900
12-Jan-2023,176.705,9.900,9.900,9.900,9.900,9.900
13-Jan-2023,175.620,9.900,9.900,9.900,9.900,9.900
14-Jan-2023,175.620,9.900,9.900,9.900,9.900,9.900
15-Jan-2023,175.620,9.900,9.900,9.900,9.900,9.900
16-Jan-2023,175.620,9.900,9.900,9.900,9.900,9.900
17-Jan-2023,175.990,9.900,9.900,9.900,9.900,9.900
18-Jan-2023,175.780,9.900,9.900,9.900,9.900,9.900
19-Jan-2023,174.270,9.900,9.900,9.900,9.900,9.900
20-Jan-2023,175.060,9.900,9.900,9.900,9.900,9.900
21-Jan-2023,175.060,9.900,9.900,9.900,9.900,9.900
22-Jan-2023,175.060,9.900,9.900,9.900,9.900,9.900
23-Jan-2023,174.360,9.900,9.900,9.900,9.900,9.900
24-Jan-2023,173.130,9.900,9.900,9.900,9.900,9.900
25-Jan-2023,173.380,9.900,9.900,9.900,9.900,9.900
26-Jan-2023,176.770,9.900,9.900,9.900,9.900,9.900
27-Jan-2023,175.680,9.900,9.900,9.900,9.900,9.900
28-Jan-2023,175.680,9.900,9.900,9.900,9.900,9.900
29-Jan-2023,175.680,9.900,9.900,9.900,9.900,9.900
30-Jan-2023,175.960,9.900,9.900,9.900,9.900,9.900
31-Jan-2023,176.660,9.900,9.900,9.900,9.900,9.900
01-Feb-2023,175.540,9.900,9.900,9.900,9.900,9.900
02-Feb-2023,175.995,9.900,9.900,9.900,9.900,9.900
03-Feb-2023,176.550,9.900,9.900,9.900,9.900,9.900
04-Feb-2023,176.550,9.900,9.900,9.900,9.900,9.900
05-Feb-2023,176.550,9.900,9.900,9.900,9.900,9.900
06-Feb-2023,174.760,9.900,9.900,9.900,9.900,9.900
07-Feb-2023,177.800,9.900,9.900,9.900,9.900,9.900
08-Feb-2023,187.430,10.300,10.300,10.300,10.300,10.300
09-Feb-2023,182.920,10.300,10.300,10.300,10.300,10.300
10-Feb-2023,184.100,10.173,10.222,10.173,10.046,10.300
11-Feb-2023,184.100,10.173,10.222,10.173,10.046,10.300
12-Feb-2023,184.100,10.173,10.222,10.173,10.046,10.300
13-Feb-2023,185.210,10.173,10.222,10.173,10.046,10.300
14-Feb-2023,186.390,10.173,10.222,10.173,10.046,10.300
15-Feb-2023,188.290,10.173,10.222,10.173,10.046,10.300
16-Feb-2023,188.500,10.173,10.222,10.173,10.046,10.300
17-Feb-2023,188.640,10.173,10.222,10.173,10.046,10.300
18-Feb-2023,188.640,10.173,10.222,10.173,10.046,10.300
19-Feb-2023,188.640,10.173,10.222,10.173,10.046,10.300
20-Feb-2023,188.640,10.173,10.222,10.173,10.046,10.300
21-Feb-2023,187.890,10.173,10.222,10.173,10.046,10.300
22-Feb-2023,187.000,10.173,10.222,10.173,10.046,10.300
23-Feb-2023,187.100,10.173,10.222,10.173,10.046,10.300
24-Feb-2023,187.170,10.173,10.222,10.173,10.046,10.300
25-Feb-2023,187.170,10.173,10.222,10.173,10.046,10.300
26-Feb-2023,187.170,10.173,10.222,10.173,10.046,10.300
27-Feb-2023,184.140,10.173,10.222,10.173,10.046,10.300
28-Feb-2023,185.360,10.173,10.222,10.173,10.046,10.300
01-Mar-2023,184.230,10.173,10.222,10.173,10.046,10.300
02-Mar-2023,186.500,10.173,10.222,10.173,10.046,10.300
03-Mar-2023,185.290,10.173,10.222,10.173,10.046,10.300
04-Mar-2023,185.290,10.173,10.222,10.173,10.046,10.300
05-Mar-2023,185.290,10.173,10.222,10.173,10.046,10.300
06-Mar-2023,184.900,10.173,10.228,10.173,10.046,10.300
07-Mar-2023,182.220,10.173,10.228,10.173,10.046,10.300
08-Mar-2023,181.920,10.173,10.228,10.173,10.046,10.300
09-Mar-2023,177.470,10.173,10.228,10.173,10.046,10.300
10-Mar-2023,174.670,10.173,10.228,10.173,10.046,10.300
11-Mar-2023,174.670,10.173,10.228,10.173,10.046,10.300
12-Mar-2023,174.670,10.173,10.228,10.173,10.046,10.300
13-Mar-2023,179.710,10.173,10.228,10.173,10.046,10.300
14-Mar-2023,185.370,10.173,10.228,10.173,10.046,10.300
15-Mar-2023,182.670,10.173,10.228,10.173,10.046,10.300
16-Mar-2023,187.210,10.173,10.228,10.173,10.046,10.300
17-Mar-2023,185.980,10.173,10.228,10.173,10.046,10.300
18-Mar-2023,185.980,10.173,10.228,10.173,10.046,10.300
19-Mar-2023,185.980,10.173,10.228,10.173,10.046,10.300
20-Mar-2023,184.780,10.173,10.228,10.173,10.046,10.300
21-Mar-2023,182.710,10.173,10.228,10.173,10.046,10.300
22-Mar-2023,179.480,10.173,10.228,10.173,10.046,10.300
23-Mar-2023,180.030,10.173,10.228,10.173,10.046,10.300
24-Mar-2023,183.550,10.349,10.333,10.349,10.300,10.398
25-Mar-2023,183.550,10.349,10.333,10.349,10.300,10.398
26-Mar-2023,183.550,10.349,10.333,10.349,10.300,10.398
27-Mar-2023,185.020,10.349,10.333,10.349,10.300,10.398
28-Mar-2023,187.320,10.349,10.333,10.349,10.300,10.398
29-Mar-2023,187.050,10.349,10.333,10.349,10.300,10.398
30-Mar-2023,188.930,10.349,10.333,10.349,10.300,10.398
31-Mar-2023,191.520,10.349,10.333,10.349,10.300,10.398
01-Apr-2023,191.520,10.349,10.333,10.349,10.300,10.398
02-Apr-2023,191.520,10.349,10.333,10.349,10.300,10.398
03-Apr-2023,190.310,10.349,10.333,10.349,10.300,10.398
04-Apr-2023,193.040,10.349,10.333,10.349,10.300,10.398
05-Apr-2023,195.190,10.349,10.333,10.349,10.300,10.398
06-Apr-2023,195.100,10.349,10.333,10.349,10.300,10.398
07-Apr-2023,195.100,10.349,10.333,10.349,10.300,10.398
08-Apr-2023,195.100,10.349,10.333,10.349,10.300,10.398
09-Apr-2023,195.100,10.349,10.333,10.349,10.300,10.398
10-Apr-2023,192.740,10.349,10.333,10.349,10.300,10.398
11-Apr-2023,191.580,10.349,10.333,10.349,10.300,10.398
12-Apr-2023,191.740,10.349,10.333,10.349,10.300,10.398
13-Apr-2023,189.930,10.349,10.333,10.349,10.300,10.398
14-Apr-2023,190.480,10.349,10.333,10.349,10.300,10.398
15-Apr-2023,190.480,10.349,10.333,10.349,10.300,10.398
16-Apr-2023,190.480,10.349,10.333,10.349,10.300,10.398
17-Apr-2023,192.120,10.349,10.333,10.349,10.300,10.398
18-Apr-2023,191.380,10.349,10.333,10.349,10.300,10.398
19-Apr-2023,192.270,10.349,10.333,10.349,10.300,10.398
20-Apr-2023,190.350,10.349,10.333,10.349,10.300,10.398
21-Apr-2023,189.730,10.349,10.333,10.349,10.300,10.398
22-Apr-2023,189.730,10.349,10.333,10.349,10.300,10.398
23-Apr-2023,189.730,10.349,10.333,10.349,10.300,10.398
24-Apr-2023,187.220,10.349,10.333,10.349,10.300,10.398
25-Apr-2023,187.790,10.349,10.333,10.349,10.300,10.398
26-Apr-2023,184.930,10.349,10.333,10.349,10.300,10.398
27-Apr-2023,184.410,10.349,10.333,10.349,10.300,10.398
28-Apr-2023,185.770,10.349,10.333,10.349,10.300,10.398
29-Apr-2023,185.770,10.349,10.333,10.349,10.300,10.398
30-Apr-2023,185.770,10.349,10.333,10.349,10.300,10.398
01-May-2023,186.630,10.327,10.319,10.327,10.300,10.354
02-May-2023,185.530,10.327,10.319,10.327,10.300,10.354
03-May-2023,181.330,10.327,10.319,10.327,10.300,10.354
04-May-2023,183.930,10.327,10.319,10.327,10.300,10.354
05-May-2023,185.130,10.327,10.319,10.327,10.300,10.354
06-May-2023,185.130,10.327,10.319,10.327,10.300,10.354
07-May-2023,185.130,10.327,10.319,10.327,10.300,10.354
08-May-2023,185.690,10.327,10.319,10.327,10.300,10.354
09-May-2023,184.630,10.327,10.319,10.327,10.300,10.354
10-May-2023,185.310,10.327,10.319,10.327,10.300,10.354
11-May-2023,183.480,10.327,10.319,10.327,10.300,10.354
12-May-2023,184.950,10.327,10.319,10.327,10.300,10.354
13-May-2023,184.950,10.327,10.319,10.327,10.300,10.354
14-May-2023,184.950,10.327,10.319,10.327,10.300,10.354
15-May-2023,184.370,10.327,10.319,10.327,10.300,10.354
16-May-2023,181.590,10.327,10.319,10.327,10.300,10.354
17-May-2023,182.510,10.327,10.319,10.327,10.300,10.354
18-May-2023,181.810,10.327,10.319,10.327,10.300,10.354
19-May-2023,181.820,10.327,10.319,10.327,10.300,10.354
20-May-2023,181.820,10.327,10.319,10.327,10.300,10.354
21-May-2023,181.820,10.327,10.319,10.327,10.300,10.354
22-May-2023,181.930,10.327,10.319,10.327,10.300,10.354
23-May-2023,179.080,10.327,10.319,10.327,10.300,10.354
24-May-2023,180.070,10.327,10.319,10.327,10.300,10.354
25-May-2023,177.020,10.327,10.319,10.327,10.300,10.354
26-May-2023,176.670,10.327,10.319,10.327,10.300,10.354
27-May-2023,176.670,10.327,10.319,10.327,10.300,10.354
28-May-2023,176.670,10.327,10.319,10.327,10.300,10.354
29-May-2023,176.670,10.327,10.319,10.327,10.300,10.354
30-May-2023,178.200,10.327,10.319,10.327,10.300,10.354
31-May-2023,178.750,10.327,10.319,10.327,10.300,10.354
01-Jun-2023,180.020,10.327,10.319,10.327,10.300,10.354
02-Jun-2023,185.300,10.327,10.319,10.327,10.300,10.354
03-Jun-2023,185.300,10.327,10.319,10.327,10.300,10.354
04-Jun-2023,185.300,10.327,10.319,10.327,10.300,10.354
05-Jun-2023,186.270,10.327,10.319,10.327,10.300,10.354
06-Jun-2023,184.350,10.327,10.319,10.327,10.300,10.354
07-Jun-2023,182.550,10.327,10.319,10.327,10.300,10.354
08-Jun-2023,185.450,10.327,10.319,10.327,10.300,10.354
09-Jun-2023,184.840,10.327,10.354,10.327,10.300,10.354
10-Jun-2023,184.840,10.327,10.354,10.327,10.300,10.354
11-Jun-2023,184.840,10.327,10.354,10.327,10.300,10.354
12-Jun-2023,179.350,10.327,10.354,10.327,10.300,10.354
13-Jun-2023,177.740,10.327,10.354,10.327,10.300,10.354
14-Jun-2023,181.510,10.327,10.354,10.327,10.300,10.354
15-Jun-2023,182.220,10.327,10.354,10.327,10.300,10.354
16-Jun-2023,184.110,10.327,10.354,10.327,10.300,10.354
17-Jun-2023,184.110,10.327,10.354,10.327,10.300,10.354
18-Jun-2023,184.110,10.327,10.354,10.327,10.300,10.354
19-Jun-2023,184.110,10.327,10.354,10.327,10.300,10.354
20-Jun-2023,182.690,10.327,10.354,10.327,10.300,10.354
21-Jun-2023,181.600,10.327,10.354,10.327,10.300,10.354
22-Jun-2023,182.100,10.327,10.354,10.327,10.300,10.354
23-Jun-2023,181.670,10.327,10.354,10.327,10.300,10.354
24-Jun-2023,181.670,10.327,10.354,10.327,10.300,10.354
25-Jun-2023,181.670,10.327,10.354,10.327,10.300,10.354
26-Jun-2023,178.890,10.327,10.354,10.327,10.300,10.354
27-Jun-2023,178.950,10.327,10.354,10.327,10.300,10.354
28-Jun-2023,183.140,10.327,10.354,10.327,10.300,10.354
29-Jun-2023,183.360,10.327,10.354,10.327,10.300,10.354
30-Jun-2023,185.290,10.327,10.354,10.327,10.300,10.354
01-Jul-2023,185.290,10.327,10.354,10.327,10.300,10.354
02-Jul-2023,185.290,10.327,10.354,10.327,10.300,10.354
03-Jul-2023,186.160,10.327,10.354,10.327,10.300,10.354
04-Jul-2023,186.160,10.327,10.354,10.327,10.300,10.354
05-Jul-2023,183.850,10.327,10.354,10.327,10.300,10.354
06-Jul-2023,183.250,10.327,10.354,10.327,10.300,10.354
07-Jul-2023,181.950,10.327,10.354,10.327,10.300,10.354
08-Jul-2023,181.950,10.327,10.354,10.327,10.300,10.354
09-Jul-2023,181.950,10.327,10.354,10.327,10.300,10.354
10-Jul-2023,181.300,10.327,10.354,10.327,10.300,10.354
11-Jul-2023,182.330,10.327,10.354,10.327,10.300,10.354
12-Jul-2023,181.310,10.269,10.237,10.269,10.237,10.300
13-Jul-2023,183.220,10.269,10.237,10.269,10.237,10.300
14-Jul-2023,186.130,10.269,10.237,10.269,10.237,10.300
15-Jul-2023,186.130,10.269,10.237,10.269,10.237,10.300
16-Jul-2023,186.130,10.269,10.237,10.269,10.237,10.300
17-Jul-2023,185.250,10.269,10.237,10.269,10.237,10.300
18-Jul-2023,187.050,10.269,10.237,10.269,10.237,10.300
19-Jul-2023,186.380,10.269,10.237,10.269,10.237,10.300
20-Jul-2023,187.410,10.269,10.237,10.269,10.237,10.300
21-Jul-2023,189.260,10.269,10.237,10.269,10.237,10.300
22-Jul-2023,189.260,10.269,10.237,10.269,10.237,10.300
23-Jul-2023,189.260,10.269,10.237,10.269,10.237,10.300
24-Jul-2023,191.040,10.269,10.237,10.269,10.237,10.300
25-Jul-2023,191.220,10.269,10.237,10.269,10.237,10.300
26-Jul-2023,198.750,10.194,10.173,10.194,10.150,10.237
27-Jul-2023,198.660,10.321,10.248,10.321,10.150,10.492
28-Jul-2023,199.420,10.321,10.248,10.321,10.150,10.492
29-Jul-2023,199.420,10.321,10.248,10.321,10.150,10.492
30-Jul-2023,199.420,10.321,10.248,10.321,10.150,10.492
31-Jul-2023,198.960,10.321,10.248,10.321,10.150,10.492
01-Aug-2023,199.825,10.321,10.248,10.321,10.150,10.492
02-Aug-2023,199.670,10.321,10.248,10.321,10.150,10.492
03-Aug-2023,202.840,10.321,10.248,10.321,10.150,10.492
04-Aug-2023,205.070,10.321,10.248,10.321,10.150,10.492
05-Aug-2023,205.070,10.321,10.248,10.321,10.150,10.492
06-Aug-2023,205.070,10.321,10.248,10.321,10.150,10.492
07-Aug-2023,208.360,10.321,10.248,10.321,10.150,10.492
08-Aug-2023,205.090,10.321,10.248,10.321,10.150,10.492
09-Aug-2023,206.520,10.321,10.248,10.321,10.150,10.492
10-Aug-2023,204.800,10.321,10.248,10.321,10.150,10.492
11-Aug-2023,205.770,10.321,10.248,10.321,10.150,10.492
12-Aug-2023,205.770,10.321,10.248,10.321,10.150,10.492
13-Aug-2023,205.770,10.321,10.248,10.321,10.150,10.492
14-Aug-2023,206.450,10.759,10.637,10.759,10.150,11.367
15-Aug-2023,205.170,10.759,10.637,10.759,10.150,11.367
16-Aug-2023,206.000,10.759,10.637,10.759,10.150,11.367
17-Aug-2023,204.030,10.759,10.637,10.759,10.150,11.367
18-Aug-2023,203.730,10.759,10.637,10.759,10.150,11.367
19-Aug-2023,203.730,10.759,10.637,10.759,10.150,11.367
20-Aug-2023,203.730,10.759,10.637,10.759,10.150,11.367
21-Aug-2023,202.600,10.759,10.637,10.759,10.150,11.367
22-Aug-2023,199.490,10.759,10.637,10.759,10.150,11.367
23-Aug-2023,200.750,10.759,10.637,10.759,10.150,11.367
24-Aug-2023,200.110,10.759,10.637,10.759,10.150,11.367
25-Aug-2023,203.220,10.759,10.637,10.759,10.150,11.367
26-Aug-2023,203.220,10.759,10.637,10.759,10.150,11.367
27-Aug-2023,203.220,10.759,10.637,10.759,10.150,11.367
28-Aug-2023,203.320,10.759,10.637,10.759,10.150,11.367
29-Aug-2023,202.710,10.759,10.637,10.759,10.150,11.367
30-Aug-2023,202.450,10.759,10.637,10.759,10.150,11.367
31-Aug-2023,202.680,10.759,10.637,10.759,10.150,11.367
01-Sep-2023,202.890,10.759,10.637,10.759,10.150,11.367
02-Sep-2023,202.890,10.759,10.637,10.759,10.150,11.367
03-Sep-2023,202.890,10.759,10.637,10.759,10.150,11.367
04-Sep-2023,202.890,10.759,10.637,10.759,10.150,11.367
05-Sep-2023,202.530,10.759,10.637,10.759,10.150,11.367
06-Sep-2023,203.660,10.759,10.637,10.759,10.150,11.367
07-Sep-2023,205.290,10.759,10.637,10.759,10.150,11.367
08-Sep-2023,204.990,10.759,10.637,10.759,10.150,11.367
09-Sep-2023,204.990,10.759,10.637,10.759,10.150,11.367
10-Sep-2023,204.990,10.759,10.637,10.759,10.150,11.367
11-Sep-2023,205.920,10.759,10.637,10.759,10.150,11.367
12-Sep-2023,206.150,10.759,10.637,10.759,10.150,11.367
13-Sep-2023,207.420,10.759,10.637,10.759,10.150,11.367
14-Sep-2023,207.810,10.759,10.637,10.759,10.150,11.367
15-Sep-2023,206.820,10.759,10.637,10.759,10.150,11.367
16-Sep-2023,206.820,10.759,10.637,10.759,10.150,11.367
17-Sep-2023,206.820,10.759,10.637,10.759,10.150,11.367
18-Sep-2023,206.550,10.759,10.637,10.759,10.150,11.367
19-Sep-2023,206.480,10.759,10.637,10.759,10.150,11.367
20-Sep-2023,205.910,10.759,10.637,10.759,10.150,11.367
21-Sep-2023,202.210,10.759,10.637,10.759,10.150,11.367
22-Sep-2023,201.720,10.759,10.637,10.759,10.150,11.367
23-Sep-2023,201.720,10.759,10.637,10.759,10.150,11.367
24-Sep-2023,201.720,10.759,10.637,10.759,10.150,11.367
25-Sep-2023,200.850,10.759,10.637,10.759,10.150,11.367
26-Sep-2023,199.830,10.759,10.637,10.759,10.150,11.367
27-Sep-2023,200.360,10.759,10.637,10.759,10.150,11.367
28-Sep-2023,201.660,10.759,10.637,10.759,10.150,11.367
29-Sep-2023,200.220,10.759,10.637,10.759,10.150,11.367
30-Sep-2023,200.220,10.759,10.637,10.759,10.150,11.367
01-Oct-2023,200.220,10.759,10.637,10.759,10.150,11.367
02-Oct-2023,200.150,10.759,10.637,10.759,10.150,11.367
03-Oct-2023,201.660,10.659,10.417,10.659,9.950,11.367
04-Oct-2023,203.240,10.659,10.417,10.659,9.950,11.367
05-Oct-2023,207.400,10.549,10.415,10.549,9.950,11.148
06-Oct-2023,211.930,10.549,10.415,10.549,9.950,11.148
07-Oct-2023,211.930,10.549,10.415,10.549,9.950,11.148
08-Oct-2023,211.930,10.549,10.415,10.549,9.950,11.148
09-Oct-2023,215.760,10.549,10.415,10.549,9.950,11.148
10-Oct-2023,216.090,10.549,10.415,10.549,9.950,11.148
11-Oct-2023,217.100,10.549,10.415,10.549,9.950,11.148
12-Oct-2023,220.060,10.549,10.415,10.549,9.950,11.148
13-Oct-2023,219.380,10.549,10.415,10.549,9.950,11.148
14-Oct-2023,219.380,10.549,10.415,10.549,9.950,11.148
15-Oct-2023,219.380,10.549,10.415,10.549,9.950,11.148
16-Oct-2023,218.820,10.549,10.415,10.549,9.950,11.148
17-Oct-2023,216.500,10.549,10.415,10.549,9.950,11.148
18-Oct-2023,215.990,10.549,10.415,10.549,9.950,11.148
19-Oct-2023,214.120,10.549,10.415,10.549,9.950,11.148
20-Oct-2023,212.810,10.549,10.415,10.549,9.950,11.148
21-Oct-2023,212.810,10.549,10.415,10.549,9.950,11.148
22-Oct-2023,212.810,10.549,10.415,10.549,9.950,11.148
23-Oct-2023,213.610,10.549,10.415,10.549,9.950,11.148
24-Oct-2023,214.250,10.549,10.415,10.549,9.950,11.148
25-Oct-2023,214.080,10.524,10.356,10.524,9.900,11.148
26-Oct-2023,215.430,10.524,10.356,10.524,9.900,11.148
27-Oct-2023,209.030,10.524,10.356,10.524,9.900,11.148
28-Oct-2023,209.030,10.524,10.356,10.524,9.900,11.148
29-Oct-2023,209.030,10.524,10.356,10.524,9.900,11.148
30-Oct-2023,211.330,10.524,10.356,10.524,9.900,11.148
31-Oct-2023,213.460,10.524,10.356,10.524,9.900,11.148
01-Nov-2023,210.920,10.497,10.387,10.497,9.900,11.093
02-Nov-2023,212.570,10.497,10.387,10.497,9.900,11.093
03-Nov-2023,208.620,10.497,10.387,10.497,9.900,11.093
04-Nov-2023,208.620,10.497,10.387,10.497,9.900,11.093
05-Nov-2023,208.620,10.497,10.387,10.497,9.900,11.093
06-Nov-2023,213.040,10.497,10.387,10.497,9.900,11.093
07-Nov-2023,212.360,10.497,10.387,10.497,9.900,11.093
08-Nov-2023,212.550,10.497,10.387,10.497,9.900,11.093
09-Nov-2023,216.380,10.497,10.387,10.497,9.900,11.093
10-Nov-2023,217.110,10.497,10.387,10.497,9.900,11.093
11-Nov-2023,217.110,10.497,10.387,10.497,9.900,11.093
12-Nov-2023,217.110,10.497,10.387,10.497,9.900,11.093
13-Nov-2023,217.080,10.496,10.396,10.496,9.900,11.091
14-Nov-2023,211.760,10.496,10.396,10.496,9.900,11.091
15-Nov-2023,211.060,10.496,10.396,10.496,9.900,11.091
16-Nov-2023,212.190,10.496,10.396,10.496,9.900,11.091
17-Nov-2023,213.420,10.496,10.396,10.496,9.900,11.091
18-Nov-2023,213.420,10.496,10.396,10.496,9.900,11.091
19-Nov-2023,213.420,10.496,10.396,10.496,9.900,11.091
20-Nov-2023,212.000,10.496,10.396,10.496,9.900,11.091
21-Nov-2023,215.560,10.496,10.396,10.496,9.900,11.091
22-Nov-2023,216.350,10.496,10.396,10.496,9.900,11.091
23-Nov-2023,216.350,10.496,10.396,10.496,9.900,11.091
24-Nov-2023,217.190,10.496,10.396,10.496,9.900,11.091
25-Nov-2023,217.190,10.496,10.396,10.496,9.900,11.091
26-Nov-2023,217.190,10.496,10.396,10.496,9.900,11.091
27-Nov-2023,216.730,10.496,10.396,10.496,9.900,11.091
28-Nov-2023,215.940,10.496,10.396,10.496,9.900,11.091
29-Nov-2023,214.840,10.496,10.396,10.496,9.900,11.091
30-Nov-2023,218.360,10.496,10.396,10.496,9.900,11.091
01-Dec-2023,219.540,10.496,10.396,10.496,9.900,11.091
02-Dec-2023,219.540,10.496,10.396,10.496,9.900,11.091
03-Dec-2023,219.540,10.496,10.396,10.496,9.900,11.091
04-Dec-2023,219.780,10.496,10.396,10.496,9.900,11.091
05-Dec-2023,218.340,10.496,10.396,10.496,9.900,11.091
06-Dec-2023,214.250,10.496,10.396,10.496,9.900,11.091
07-Dec-2023,210.730,10.496,10.387,10.496,9.900,11.091
08-Dec-2023,211.620,10.496,10.387,10.496,9.900,11.091
09-Dec-2023,211.620,10.496,10.387,10.496,9.900,11.091
10-Dec-2023,211.620,10.496,10.387,10.496,9.900,11.091
11-Dec-2023,215.430,10.496,10.387,10.496,9.900,11.091
12-Dec-2023,214.130,10.523,10.446,10.523,9.900,11.145
13-Dec-2023,213.160,10.523,10.446,10.523,9.900,11.145
14-Dec-2023,210.160,10.523,10.446,10.523,9.900,11.145
15-Dec-2023,206.730,10.523,10.446,10.523,9.900,11.145
16-Dec-2023,206.730,10.523,10.446,10.523,9.900,11.145
17-Dec-2023,206.730,10.523,10.446,10.523,9.900,11.145
18-Dec-2023,211.190,10.622,10.579,10.820,9.900,11.145
19-Dec-2023,212.950,10.622,10.579,10.820,9.900,11.145
20-Dec-2023,211.050,10.622,10.579,10.820,9.900,11.145
21-Dec-2023,213.770,10.622,10.579,10.820,9.900,11.145
22-Dec-2023,214.310,10.622,10.579,10.820,9.900,11.145
23-Dec-2023,214.310,10.622,10.579,10.820,9.900,11.145
24-Dec-2023,214.310,10.622,10.579,10.820,9.900,11.145
25-Dec-2023,214.310,10.622,10.579,10.820,9.900,11.145
26-Dec-2023,214.800,10.622,10.579,10.820,9.900,11.145
27-Dec-2023,210.540,10.622,10.579,10.820,9.900,11.145
28-Dec-2023,211.020,10.622,10.579,10.820,9.900,11.145
29-Dec-2023,210.600,10.622,10.579,10.820,9.900,11.145
30-Dec-2023,210.600,10.622,10.579,10.820,9.900,11.145
31-Dec-2023,210.600,10.622,10.579,10.820,9.900,11.145
01-Jan-2024,210.600,10.622,10.579,10.820,9.900,11.145
02-Jan-2024,209.230,10.622,10.579,10.820,9.900,11.145
03-Jan-2024,201.410,10.688,10.604,10.820,10.100,11.145
04-Jan-2024,202.740,10.688,10.604,10.820,10.100,11.145
05-Jan-2024,199.190,10.700,10.628,10.820,10.100,11.180
06-Jan-2024,199.190,10.700,10.628,10.820,10.100,11.180
07-Jan-2024,199.190,10.700,10.628,10.820,10.100,11.180
08-Jan-2024,200.110,10.700,10.628,10.820,10.100,11.180
09-Jan-2024,197.090,10.657,10.588,10.690,10.100,11.180
10-Jan-2024,197.830,10.657,10.588,10.690,10.100,11.180
11-Jan-2024,196.400,10.657,10.588,10.690,10.100,11.180
12-Jan-2024,197.540,10.657,10.588,10.690,10.100,11.180
13-Jan-2024,197.540,10.657,10.588,10.690,10.100,11.180
14-Jan-2024,197.540,10.657,10.588,10.690,10.100,11.180
15-Jan-2024,197.540,10.657,10.588,10.690,10.100,11.180
16-Jan-2024,198.600,10.657,10.588,10.690,10.100,11.180
17-Jan-2024,202.970,10.657,10.588,10.690,10.100,11.180
18-Jan-2024,202.900,10.657,10.588,10.690,10.100,11.180
19-Jan-2024,202.050,10.657,10.588,10.690,10.100,11.180
20-Jan-2024,202.050,10.657,10.588,10.690,10.100,11.180
21-Jan-2024,202.050,10.657,10.588,10.690,10.100,11.180
22-Jan-2024,203.270,10.657,10.588,10.690,10.100,11.180
23-Jan-2024,203.970,10.657,10.588,10.690,10.100,11.180
24-Jan-2024,204.270,10.657,10.588,10.690,10.100,11.180
25-Jan-2024,205.610,10.657,10.588,10.690,10.100,11.180
26-Jan-2024,206.780,10.657,10.588,10.690,10.100,11.180
27-Jan-2024,206.780,10.657,10.588,10.690,10.100,11.180
28-Jan-2024,206.780,10.657,10.588,10.690,10.100,11.180
29-Jan-2024,204.780,10.657,10.588,10.690,10.100,11.180
30-Jan-2024,206.110,10.657,10.588,10.690,10.100,11.180
31-Jan-2024,205.840,10.657,10.588,10.690,10.100,11.180
01-Feb-2024,205.790,10.657,10.588,10.690,10.100,11.180
02-Feb-2024,206.550,10.657,10.588,10.690,10.100,11.180
03-Feb-2024,206.550,10.657,10.588,10.690,10.100,11.180
04-Feb-2024,206.550,10.657,10.588,10.690,10.100,11.180
05-Feb-2024,204.820,10.657,10.588,10.690,10.100,11.180
06-Feb-2024,202.780,10.657,10.588,10.690,10.100,11.180
07-Feb-2024,205.460,10.657,10.588,10.690,10.100,11.180
08-Feb-2024,204.000,10.657,10.588,10.690,10.100,11.180
09-Feb-2024,205.090,10.657,10.588,10.690,10.100,11.180
10-Feb-2024,205.090,10.657,10.588,10.690,10.100,11.180
11-Feb-2024,205.090,10.657,10.588,10.690,10.100,11.180
12-Feb-2024,206.820,10.657,10.588,10.690,10.100,11.180
13-Feb-2024,207.430,10.657,10.588,10.690,10.100,11.180
14-Feb-2024,215.180,10.651,10.572,10.835,9.620,11.430
15-Feb-2024,211.020,10.651,10.505,10.835,9.620,11.430
16-Feb-2024,212.260,10.572,10.497,10.563,9.620,11.430
17-Feb-2024,212.260,10.572,10.497,10.563,9.620,11.430
18-Feb-2024,212.260,10.572,10.497,10.563,9.620,11.430
19-Feb-2024,212.260,10.585,10.590,10.563,9.620,11.430
20-Feb-2024,210.990,10.585,10.590,10.563,9.620,11.430
21-Feb-2024,215.000,10.585,10.590,10.563,9.620,11.430
22-Feb-2024,218.000,10.585,10.590,10.563,9.620,11.430
23-Feb-2024,217.960,10.585,10.590,10.563,9.620,11.430
24-Feb-2024,217.960,10.585,10.590,10.563,9.620,11.430
25-Feb-2024,217.960,10.585,10.590,10.563,9.620,11.430
26-Feb-2024,219.440,10.585,10.590,10.563,9.620,11.430
27-Feb-2024,219.450,10.585,10.590,10.563,9.620,11.430
28-Feb-2024,220.840,10.585,10.590,10.563,9.620,11.430
29-Feb-2024,220.350,10.585,10.590,10.563,9.620,11.430
01-Mar-2024,219.210,10.585,10.590,10.563,9.620,11.430
02-Mar-2024,219.210,10.585,10.590,10.563,9.620,11.430
03-Mar-2024,219.210,10.585,10.590,10.563,9.620,11.430
04-Mar-2024,221.350,10.574,10.585,10.563,9.620,11.340
05-Mar-2024,219.900,10.574,10.585,10.563,9.620,11.340
06-Mar-2024,219.690,10.574,10.585,10.563,9.620,11.340
07-Mar-2024,213.530,10.574,10.585,10.563,9.620,11.340
08-Mar-2024,212.980,10.574,10.585,10.563,9.620,11.340
09-Mar-2024,212.980,10.574,10.585,10.563,9.620,11.340
10-Mar-2024,212.980,10.574,10.585,10.563,9.620,11.340
11-Mar-2024,216.770,10.574,10.585,10.563,9.620,11.340
12-Mar-2024,217.750,10.574,10.585,10.563,9.620,11.340
13-Mar-2024,219.360,10.574,10.585,10.563,9.620,11.340
14-Mar-2024,219.410,10.574,10.585,10.563,9.620,11.340
15-Mar-2024,217.500,10.574,10.585,10.563,9.620,11.340
16-Mar-2024,217.500,10.574,10.585,10.563,9.620,11.340
17-Mar-2024,217.500,10.574,10.585,10.563,9.620,11.340
18-Mar-2024,218.890,10.574,10.585,10.563,9.620,11.340
19-Mar-2024,216.360,10.574,10.585,10.563,9.620,11.340
20-Mar-2024,213.620,10.574,10.585,10.563,9.620,11.340
21-Mar-2024,216.090,10.574,10.585,10.563,9.620,11.340
22-Mar-2024,214.500,10.574,10.585,10.563,9.620,11.340
23-Mar-2024,214.500,10.574,10.585,10.563,9.620,11.340
24-Mar-2024,214.500,10.574,10.585,10.563,9.620,11.340
25-Mar-2024,215.190,10.574,10.585,10.563,9.620,11.340
26-Mar-2024,212.880,10.574,10.585,10.563,9.620,11.340
27-Mar-2024,215.600,10.574,10.585,10.563,9.620,11.340
28-Mar-2024,215.290,10.574,10.585,10.563,9.620,11.340
29-Mar-2024,215.290,10.574,10.585,10.563,9.620,11.340
30-Mar-2024,215.290,10.574,10.585,10.563,9.620,11.340
31-Mar-2024,215.290,10.574,10.585,10.563,9.620,11.340
01-Apr-2024,212.020,10.589,10.582,10.563,9.740,11.340
02-Apr-2024,214.800,10.591,10.595,10.563,9.740,11.360
03-Apr-2024,212.030,10.591,10.595,10.563,9.740,11.360
04-Apr-2024,212.210,10.591,10.595,10.563,9.740,11.360
05-Apr-2024,211.080,10.521,10.521,10.340,9.740,11.360
06-Apr-2024,211.080,10.521,10.521,10.340,9.740,11.360
07-Apr-2024,211.080,10.521,10.521,10.340,9.740,11.360
08-Apr-2024,212.750,10.516,10.520,10.340,9.710,11.360
09-Apr-2024,209.780,10.514,10.523,10.340,9.710,11.360
10-Apr-2024,212.000,10.514,10.523,10.340,9.710,11.360
11-Apr-2024,212.770,10.500,10.516,10.389,9.710,11.360
12-Apr-2024,209.500,10.500,10.579,10.389,9.710,11.360
13-Apr-2024,209.500,10.500,10.579,10.389,9.710,11.360
14-Apr-2024,209.500,10.500,10.579,10.389,9.710,11.360
15-Apr-2024,206.230,10.500,10.579,10.389,9.710,11.360
16-Apr-2024,206.480,10.500,10.579,10.389,9.710,11.360
17-Apr-2024,208.420,10.500,10.579,10.389,9.710,11.360
18-Apr-2024,209.650,10.500,10.579,10.389,9.710,11.360
19-Apr-2024,213.040,10.500,10.579,10.389,9.710,11.360
20-Apr-2024,213.040,10.500,10.579,10.389,9.710,11.360
21-Apr-2024,213.040,10.500,10.579,10.389,9.710,11.360
22-Apr-2024,215.480,10.500,10.579,10.389,9.710,11.360
23-Apr-2024,216.770,10.500,10.579,10.389,9.710,11.360
24-Apr-2024,212.590,10.556,10.563,10.310,9.710,11.640
25-Apr-2024,212.540,10.593,10.606,10.310,9.860,11.640
26-Apr-2024,210.940,10.593,10.542,10.310,9.860,11.640
27-Apr-2024,210.940,10.593,10.542,10.310,9.860,11.640
28-Apr-2024,210.940,10.593,10.542,10.310,9.860,11.640
29-Apr-2024,209.620,10.593,10.542,10.310,9.860,11.640
30-Apr-2024,209.640,10.607,10.626,10.310,9.860,11.640
01-May-2024,208.070,10.607,10.626,10.310,9.860,11.640
02-May-2024,207.480,10.607,10.626,10.310,9.860,11.640
03-May-2024,207.650,10.607,10.626,10.310,9.860,11.640
04-May-2024,207.650,10.607,10.626,10.310,9.860,11.640
05-May-2024,207.650,10.607,10.626,10.310,9.860,11.640
06-May-2024,208.000,10.605,10.621,10.310,9.840,11.640
07-May-2024,208.340,10.605,10.621,10.310,9.840,11.640
08-May-2024,211.840,10.605,10.621,10.310,9.840,11.640
09-May-2024,213.610,10.605,10.621,10.310,9.840,11.640
10-May-2024,208.460,10.544,10.547,10.300,9.760,11.640
11-May-2024,208.460,10.544,10.547,10.300,9.760,11.640
12-May-2024,208.460,10.544,10.547,10.300,9.760,11.640
13-May-2024,209.920,10.544,10.547,10.300,9.760,11.640
14-May-2024,210.800,10.544,10.547,10.300,9.760,11.640
15-May-2024,208.260,10.544,10.547,10.300,9.760,11.640
16-May-2024,212.730,10.544,10.547,10.300,9.760,11.640
17-May-2024,213.140,10.544,10.547,10.300,9.760,11.640
18-May-2024,213.140,10.544,10.547,10.300,9.760,11.640
19-May-2024,213.140,10.544,10.547,10.300,9.760,11.640
20-May-2024,211.270,10.544,10.547,10.300,9.760,11.640
21-May-2024,210.350,10.544,10.547,10.300,9.760,11.640
22-May-2024,211.480,10.544,10.547,10.300,9.760,11.640
23-May-2024,212.070,10.544,10.547,10.300,9.760,11.640
24-May-2024,214.920,10.544,10.547,10.300,9.760,11.640
25-May-2024,214.920,10.544,10.547,10.300,9.760,11.640
26-May-2024,214.920,10.544,10.547,10.300,9.760,11.640
27-May-2024,214.920,10.544,10.547,10.300,9.760,11.640
28-May-2024,208.500,10.544,10.547,10.300,9.760,11.640
29-May-2024,205.890,10.544,10.547,10.300,9.760,11.640
30-May-2024,204.900,10.544,10.547,10.300,9.760,11.640
31-May-2024,202.980,10.544,10.547,10.300,9.760,11.640
01-Jun-2024,202.980,10.544,10.547,10.300,9.760,11.640
02-Jun-2024,202.980,10.544,10.547,10.300,9.760,11.640
03-Jun-2024,201.750,10.544,10.547,10.300,9.760,11.640
04-Jun-2024,203.780,10.544,10.547,10.300,9.760,11.640
05-Jun-2024,200.490,10.502,10.512,10.300,9.760,11.303
06-Jun-2024,201.490,10.502,10.512,10.300,9.760,11.303
07-Jun-2024,199.360,10.502,10.512,10.300,9.760,11.303
08-Jun-2024,199.360,10.502,10.512,10.300,9.760,11.303
09-Jun-2024,199.360,10.502,10.512,10.300,9.760,11.303
10-Jun-2024,198.500,10.502,10.512,10.300,9.760,11.303
11-Jun-2024,198.700,10.502,10.512,10.300,9.760,11.303
12-Jun-2024,195.730,10.519,10.541,10.300,9.760,11.303
13-Jun-2024,195.640,10.519,10.541,10.300,9.760,11.303
14-Jun-2024,197.130,10.519,10.541,10.300,9.760,11.303
15-Jun-2024,197.130,10.519,10.541,10.300,9.760,11.303
16-Jun-2024,197.130,10.519,10.541,10.300,9.760,11.303
17-Jun-2024,196.590,10.519,10.541,10.300,9.760,11.303
18-Jun-2024,196.530,10.519,10.541,10.300,9.760,11.303
19-Jun-2024,196.530,10.519,10.541,10.300,9.760,11.303
20-Jun-2024,198.490,10.499,10.538,10.300,9.760,11.260
21-Jun-2024,194.480,10.499,10.538,10.300,9.760,11.260
22-Jun-2024,194.480,10.499,10.538,10.300,9.760,11.260
23-Jun-2024,194.480,10.499,10.538,10.300,9.760,11.260
24-Jun-2024,195.080,10.499,10.538,10.300,9.760,11.260
25-Jun-2024,194.100,10.499,10.538,10.300,9.760,11.260
26-Jun-2024,195.200,10.499,10.538,10.300,9.760,11.260
27-Jun-2024,195.530,10.499,10.538,10.300,9.760,11.260
28-Jun-2024,196.600,10.499,10.538,10.300,9.760,11.260
29-Jun-2024,196.600,10.499,10.538,10.300,9.760,11.260
30-Jun-2024,196.600,10.499,10.538,10.300,9.760,11.260
01-Jul-2024,195.500,10.484,10.507,10.300,9.710,11.260
02-Jul-2024,197.080,10.473,10.501,10.300,9.710,11.160
03-Jul-2024,196.060,10.480,10.515,10.300,9.710,11.160
04-Jul-2024,196.060,10.480,10.515,10.300,9.710,11.160
05-Jul-2024,196.400,10.480,10.515,10.300,9.710,11.160
06-Jul-2024,196.400,10.480,10.515,10.300,9.710,11.160
07-Jul-2024,196.400,10.480,10.515,10.300,9.710,11.160
08-Jul-2024,194.970,10.474,10.507,10.300,9.650,11.160
09-Jul-2024,194.620,10.474,10.507,10.300,9.650,11.160
10-Jul-2024,193.580,10.459,10.497,10.313,9.650,11.160
11-Jul-2024,195.800,10.443,10.491,10.313,9.650,11.160
12-Jul-2024,193.430,10.443,10.491,10.313,9.650,11.160
13-Jul-2024,193.430,10.443,10.491,10.313,9.650,11.160
14-Jul-2024,193.430,10.443,10.491,10.313,9.650,11.160
15-Jul-2024,197.010,10.443,10.491,10.313,9.650,11.160
16-Jul-2024,197.370,10.435,10.490,10.313,9.650,11.160
17-Jul-2024,201.460,10.435,10.490,10.313,9.650,11.160
18-Jul-2024,200.610,10.435,10.490,10.313,9.650,11.160
19-Jul-2024,199.850,10.435,10.490,10.313,9.650,11.160
20-Jul-2024,199.850,10.435,10.490,10.313,9.650,11.160
21-Jul-2024,199.850,10.435,10.490,10.313,9.650,11.160
22-Jul-2024,199.880,10.435,10.490,10.313,9.650,11.160
23-Jul-2024,197.440,10.420,10.466,10.313,9.650,11.160
24-Jul-2024,197.250,10.476,10.511,10.385,9.650,11.160
25-Jul-2024,199.380,10.485,10.532,10.385,9.650,11.310
26-Jul-2024,200.540,10.509,10.609,10.405,9.650,11.310
27-Jul-2024,200.540,10.509,10.609,10.405,9.650,11.310
28-Jul-2024,200.540,10.509,10.609,10.405,9.650,11.310
29-Jul-2024,198.920,10.509,10.609,10.405,9.650,11.310
30-Jul-2024,197.200,10.509,10.609,10.405,9.650,11.310
31-Jul-2024,193.710,10.509,10.609,10.405,9.650,11.310
01-Aug-2024,196.310,10.509,10.609,10.405,9.650,11.310
02-Aug-2024,199.830,10.509,10.609,10.405,9.650,11.310
03-Aug-2024,199.830,10.509,10.609,10.405,9.650,11.310
04-Aug-2024,199.830,10.509,10.609,10.405,9.650,11.310
05-Aug-2024,197.220,10.509,10.609,10.405,9.650,11.310
06-Aug-2024,202.380,10.509,10.609,10.405,9.650,11.310
07-Aug-2024,205.000,10.509,10.609,10.405,9.650,11.310
08-Aug-2024,205.150,10.509,10.609,10.405,9.650,11.310
09-Aug-2024,206.660,10.509,10.609,10.405,9.650,11.310
10-Aug-2024,206.660,10.509,10.609,10.405,9.650,11.310
11-Aug-2024,206.660,10.509,10.609,10.405,9.650,11.310
12-Aug-2024,206.590,10.509,10.609,10.405,9.650,11.310
13-Aug-2024,207.570,10.509,10.609,10.405,9.650,11.310
14-Aug-2024,207.850,10.509,10.609,10.405,9.650,11.310
15-Aug-2024,205.290,10.518,10.617,10.405,9.650,11.310
16-Aug-2024,207.880,10.518,10.617,10.405,9.650,11.310
17-Aug-2024,207.880,10.518,10.617,10.405,9.650,11.310
18-Aug-2024,207.880,10.518,10.617,10.405,9.650,11.310
19-Aug-2024,208.870,10.518,10.617,10.405,9.650,11.310
20-Aug-2024,208.700,10.518,10.617,10.405,9.650,11.310
21-Aug-2024,209.400,10.518,10.617,10.405,9.650,11.310
22-Aug-2024,209.620,10.518,10.617,10.405,9.650,11.310
23-Aug-2024,207.050,10.518,10.617,10.405,9.650,11.310
24-Aug-2024,207.050,10.518,10.617,10.405,9.650,11.310
25-Aug-2024,207.050,10.518,10.617,10.405,9.650,11.310
26-Aug-2024,208.430,10.518,10.617,10.405,9.650,11.310
27-Aug-2024,212.400,10.518,10.617,10.405,9.650,11.310
28-Aug-2024,215.120,10.518,10.617,10.405,9.650,11.310
29-Aug-2024,214.100,10.518,10.617,10.405,9.650,11.310
30-Aug-2024,215.740,10.518,10.617,10.405,9.650,11.310
31-Aug-2024,215.740,10.518,10.617,10.405,9.650,11.310
01-Sep-2024,215.740,10.518,10.617,10.405,9.650,11.310
02-Sep-2024,215.740,10.518,10.617,10.405,9.650,11.310
03-Sep-2024,212.640,10.518,10.617,10.405,9.650,11.310
04-Sep-2024,216.000,10.519,10.613,10.408,9.650,11.310
05-Sep-2024,219.380,10.536,10.658,10.408,9.650,11.390
06-Sep-2024,220.500,10.536,10.658,10.408,9.650,11.390
07-Sep-2024,220.500,10.536,10.658,10.408,9.650,11.390
08-Sep-2024,220.500,10.536,10.658,10.408,9.650,11.390
09-Sep-2024,218.540,10.562,10.587,10.408,9.910,11.390
10-Sep-2024,218.480,10.562,10.587,10.408,9.910,11.390
11-Sep-2024,218.590,10.562,10.587,10.408,9.910,11.390
12-Sep-2024,217.300,10.556,10.589,10.408,9.910,11.390
13-Sep-2024,216.990,10.556,10.589,10.408,9.910,11.390
14-Sep-2024,216.990,10.556,10.589,10.408,9.910,11.390
15-Sep-2024,216.990,10.556,10.589,10.408,9.910,11.390
16-Sep-2024,218.530,10.556,10.589,10.408,9.910,11.390
17-Sep-2024,218.180,10.556,10.589,10.408,9.910,11.390
18-Sep-2024,216.300,10.556,10.589,10.408,9.910,11.390
19-Sep-2024,214.760,10.556,10.589,10.408,9.910,11.390
20-Sep-2024,213.160,10.556,10.589,10.408,9.910,11.390
21-Sep-2024,213.160,10.556,10.589,10.408,9.910,11.390
22-Sep-2024,213.160,10.556,10.589,10.408,9.910,11.390
23-Sep-2024,215.860,10.556,10.589,10.408,9.910,11.390
24-Sep-2024,218.160,10.556,10.589,10.408,9.910,11.390
25-Sep-2024,217.520,10.556,10.589,10.408,9.910,11.390
26-Sep-2024,218.470,10.598,10.613,10.415,9.910,11.390
27-Sep-2024,218.300,10.598,10.613,10.415,9.910,11.390
28-Sep-2024,218.300,10.598,10.613,10.415,9.910,11.390
29-Sep-2024,218.300,10.598,10.613,10.415,9.910,11.390
30-Sep-2024,220.650,10.609,10.620,10.415,10.020,11.390
01-Oct-2024,225.280,10.609,10.620,10.415,10.020,11.390
02-Oct-2024,223.570,10.626,10.649,10.415,10.020,11.390
03-Oct-2024,224.270,10.626,10.649,10.415,10.020,11.390
04-Oct-2024,224.430,10.626,10.649,10.415,10.020,11.390
05-Oct-2024,224.430,10.626,10.649,10.415,10.020,11.390
06-Oct-2024,224.430,10.626,10.649,10.415,10.020,11.390
07-Oct-2024,221.730,10.626,10.649,10.415,10.020,11.390
08-Oct-2024,221.680,10.661,10.668,10.547,10.010,11.390
09-Oct-2024,221.460,10.693,10.702,10.547,10.010,11.390
10-Oct-2024,221.250,10.724,10.714,10.650,10.010,11.390
11-Oct-2024,221.720,10.724,10.539,10.650,10.010,11.390
12-Oct-2024,221.720,10.724,10.539,10.650,10.010,11.390
13-Oct-2024,221.720,10.724,10.539,10.650,10.010,11.390
14-Oct-2024,224.200,10.716,10.548,10.640,10.010,11.390
15-Oct-2024,224.820,10.716,10.548,10.640,10.010,11.390
16-Oct-2024,227.170,10.697,10.541,10.630,10.010,11.390
17-Oct-2024,227.230,10.751,10.637,10.650,10.010,11.390
18-Oct-2024,228.320,10.745,10.681,10.650,10.010,11.390
19-Oct-2024,228.320,10.745,10.681,10.650,10.010,11.390
20-Oct-2024,228.320,10.745,10.681,10.650,10.010,11.390
21-Oct-2024,227.050,10.745,10.681,10.650,10.010,11.390
22-Oct-2024,226.170,10.745,10.681,10.650,10.010,11.390
23-Oct-2024,227.140,10.841,10.863,10.980,10.010,11.390
24-Oct-2024,229.690,10.856,10.905,10.980,10.000,11.340
25-Oct-2024,226.140,10.856,10.915,10.980,10.000,11.340
26-Oct-2024,226.140,10.856,10.915,10.980,10.000,11.340
27-Oct-2024,226.140,10.856,10.915,10.980,10.000,11.340
28-Oct-2024,228.120,10.832,10.857,10.873,10.000,11.340
29-Oct-2024,227.090,10.823,10.892,10.873,10.000,11.340
30-Oct-2024,227.260,10.823,10.892,10.873,10.000,11.340
31-Oct-2024,225.360,10.823,10.892,10.873,10.000,11.340
01-Nov-2024,223.610,10.823,10.892,10.873,10.000,11.340
02-Nov-2024,223.610,10.823,10.892,10.873,10.000,11.340
03-Nov-2024,223.610,10.823,10.892,10.873,10.000,11.340
04-Nov-2024,223.080,10.823,10.892,10.873,10.000,11.340
05-Nov-2024,225.190,10.823,10.892,10.873,10.000,11.340
06-Nov-2024,221.170,10.823,10.892,10.873,10.000,11.340
07-Nov-2024,222.040,10.823,10.892,10.873,10.000,11.340
08-Nov-2024,225.660,10.823,10.892,10.873,10.000,11.340
09-Nov-2024,225.660,10.823,10.892,10.873,10.000,11.340
10-Nov-2024,225.660,10.823,10.892,10.873,10.000,11.340
11-Nov-2024,225.930,10.838,10.921,10.885,10.000,11.340
12-Nov-2024,226.310,10.838,10.921,10.885,10.000,11.340
13-Nov-2024,228.140,10.838,10.921,10.885,10.000,11.340
14-Nov-2024,223.420,10.838,10.921,10.885,10.000,11.340
15-Nov-2024,225.280,10.838,10.921,10.885,10.000,11.340
16-Nov-2024,225.280,10.838,10.921,10.885,10.000,11.340
17-Nov-2024,225.280,10.838,10.921,10.885,10.000,11.340
18-Nov-2024,227.560,10.838,10.921,10.885,10.000,11.340
19-Nov-2024,229.660,10.838,10.921,10.885,10.000,11.340
20-Nov-2024,228.000,10.838,10.921,10.885,10.000,11.340
21-Nov-2024,226.560,10.838,10.921,10.885,10.000,11.340
22-Nov-2024,229.040,10.838,10.921,10.885,10.000,11.340
23-Nov-2024,229.040,10.838,10.921,10.885,10.000,11.340
24-Nov-2024,229.040,10.838,10.921,10.885,10.000,11.340
25-Nov-2024,229.370,10.838,10.921,10.885,10.000,11.340
26-Nov-2024,234.390,10.847,10.921,10.885,10.120,11.340
27-Nov-2024,237.330,10.847,10.921,10.885,10.120,11.340
28-Nov-2024,237.330,10.847,10.921,10.885,10.120,11.340
29-Nov-2024,238.000,10.847,10.921,10.885,10.120,11.340
30-Nov-2024,238.000,10.847,10.921,10.885,10.120,11.340
01-Dec-2024,238.000,10.847,10.921,10.885,10.120,11.340
02-Dec-2024,235.610,10.847,10.921,10.885,10.120,11.340
03-Dec-2024,240.730,10.847,10.921,10.885,10.120,11.340
04-Dec-2024,243.000,10.852,10.939,10.885,10.120,11.410
05-Dec-2024,246.020,10.871,10.949,10.885,10.390,11.410
06-Dec-2024,239.380,10.871,10.949,10.885,10.390,11.410
07-Dec-2024,239.380,10.871,10.949,10.885,10.390,11.410
08-Dec-2024,239.380,10.871,10.949,10.885,10.390,11.410
09-Dec-2024,236.720,10.871,10.949,10.885,10.390,11.410
10-Dec-2024,239.190,10.871,10.949,10.885,10.390,11.410
11-Dec-2024,234.300,10.881,10.968,10.885,10.390,11.410
12-Dec-2024,235.950,10.881,10.968,10.885,10.390,11.410
13-Dec-2024,237.190,10.881,10.968,10.885,10.390,11.410
14-Dec-2024,237.190,10.881,10.968,10.885,10.390,11.410
15-Dec-2024,237.190,10.881,10.968,10.885,10.390,11.410
16-Dec-2024,235.920,10.877,10.967,10.885,10.390,11.410
17-Dec-2024,235.990,10.877,10.967,10.885,10.390,11.410
18-Dec-2024,237.080,10.877,10.967,10.885,10.390,11.410
19-Dec-2024,236.820,10.877,10.967,10.885,10.390,11.410
20-Dec-2024,238.530,10.904,10.982,10.990,10.390,11.410
21-Dec-2024,238.530,10.904,10.982,10.990,10.390,11.410
22-Dec-2024,238.530,10.904,10.982,10.990,10.390,11.410
23-Dec-2024,238.010,10.904,10.982,10.990,10.390,11.410
24-Dec-2024,239.470,10.904,10.982,10.990,10.390,11.410
25-Dec-2024,239.470,10.904,10.982,10.990,10.390,11.410
26-Dec-2024,239.210,10.904,10.982,10.990,10.390,11.410
27-Dec-2024,233.500,10.904,10.982,10.990,10.390,11.410
28-Dec-2024,233.500,10.904,10.982,10.990,10.390,11.410
29-Dec-2024,233.500,10.904,10.982,10.990,10.390,11.410
30-Dec-2024,231.530,10.904,10.982,10.990,10.390,11.410
31-Dec-2024,232.230,10.904,10.982,10.990,10.390,11.410
01-Jan-2025,232.230,10.904,10.982,10.990,10.390,11.410
02-Jan-2025,232.720,10.904,10.982,10.990,10.390,11.410
03-Jan-2025,232.500,10.901,10.983,10.965,10.390,11.410
04-Jan-2025,232.500,10.901,10.983,10.965,10.390,11.410
05-Jan-2025,232.500,10.901,10.983,10.965,10.390,11.410
06-Jan-2025,225.820,10.894,10.973,10.965,10.380,11.410
07-Jan-2025,227.010,10.910,10.973,10.965,10.380,11.410
08-Jan-2025,229.300,10.910,10.949,10.965,10.380,11.400
09-Jan-2025,229.300,10.902,10.942,10.965,10.380,11.400
10-Jan-2025,229.200,10.902,10.942,10.965,10.380,11.400
11-Jan-2025,229.200,10.902,10.942,10.965,10.380,11.400
12-Jan-2025,229.200,10.901,10.943,10.965,10.380,11.400
13-Jan-2025,229.450,10.903,10.939,10.965,10.380,11.400
14-Jan-2025,231.730,10.902,10.937,10.965,10.370,11.400
15-Jan-2025,227.880,10.902,10.937,10.965,10.370,11.400
16-Jan-2025,232.310,10.902,10.937,10.965,10.370,11.400
17-Jan-2025,232.710,10.910,10.951,10.965,10.370,11.400
18-Jan-2025,232.710,10.910,10.951,10.965,10.370,11.400
19-Jan-2025,232.710,10.910,10.951,10.965,10.370,11.400
20-Jan-2025,232.710,10.910,10.951,10.965,10.370,11.400
21-Jan-2025,232.250,10.910,10.951,10.965,10.370,11.400
22-Jan-2025,232.530,10.910,10.949,10.950,10.370,11.400
23-Jan-2025,233.380,10.910,10.949,10.950,10.370,11.400
24-Jan-2025,234.680,10.910,10.949,10.950,10.370,11.400
25-Jan-2025,234.680,10.910,10.949,10.950,10.370,11.400
26-Jan-2025,234.680,10.910,10.949,10.950,10.370,11.400
27-Jan-2025,236.950,10.910,10.949,10.950,10.370,11.400
28-Jan-2025,234.390,10.910,10.949,10.950,10.370,11.400
29-Jan-2025,232.500,10.910,10.949,10.950,10.370,11.400
30-Jan-2025,235.920,10.910,10.949,10.950,10.370,11.400
31-Jan-2025,236.520,10.910,10.949,10.950,10.370,11.400
01-Feb-2025,236.520,10.910,10.949,10.950,10.370,11.400
02-Feb-2025,236.520,10.910,10.949,10.950,10.370,11.400
03-Feb-2025,240.650,10.910,10.949,10.950,10.370,11.400
04-Feb-2025,242.530,10.910,10.949,10.950,10.370,11.400
05-Feb-2025,241.640,10.910,10.949,10.950,10.370,11.400
06-Feb-2025,244.410,10.910,10.949,10.950,10.370,11.400
07-Feb-2025,244.830,10.910,10.949,10.950,10.370,11.400
08-Feb-2025,244.830,10.910,10.949,10.950,10.370,11.400
09-Feb-2025,244.830,10.910,10.949,10.950,10.370,11.400
10-Feb-2025,241.810,10.910,10.949,10.950,10.370,11.400
11-Feb-2025,241.740,10.910,10.949,10.950,10.370,11.400
12-Feb-2025,248.960,11.034,11.091,11.070,10.552,11.414
13-Feb-2025,250.110,11.060,11.143,11.070,10.552,11.550
14-Feb-2025,245.480,11.091,11.154,11.157,10.552,11.550
15-Feb-2025,245.480,11.091,11.154,11.157,10.552,11.550
16-Feb-2025,245.480,11.091,11.154,11.157,10.552,11.550
17-Feb-2025,245.480,11.091,11.154,11.157,10.552,11.550
18-Feb-2025,247.850,11.113,11.192,11.157,10.552,11.690
19-Feb-2025,250.750,11.105,11.154,11.114,10.552,11.690
20-Feb-2025,248.320,11.129,11.146,11.114,10.580,11.690
21-Feb-2025,248.870,11.129,11.146,11.114,10.580,11.690
22-Feb-2025,248.870,11.129,11.146,11.114,10.580,11.690
23-Feb-2025,248.870,11.129,11.146,11.114,10.580,11.690
24-Feb-2025,247.750,11.129,11.146,11.114,10.580,11.690
25-Feb-2025,250.820,11.129,11.146,11.114,10.580,11.690
26-Feb-2025,247.990,11.129,11.146,11.114,10.580,11.690
27-Feb-2025,249.850,11.129,11.146,11.114,10.580,11.690
28-Feb-2025,253.770,11.129,11.146,11.114,10.580,11.690
01-Mar-2025,253.770,11.129,11.146,11.114,10.580,11.690
02-Mar-2025,253.770,11.129,11.146,11.114,10.580,11.690
03-Mar-2025,256.880,11.129,11.146,11.114,10.580,11.690
04-Mar-2025,251.980,11.144,11.175,11.114,10.580,11.690
05-Mar-2025,254.480,11.144,11.175,11.114,10.580,11.690
06-Mar-2025,254.040,11.144,11.175,11.114,10.580,11.690
07-Mar-2025,254.570,11.157,11.184,11.114,10.580,11.690
08-Mar-2025,254.570,11.157,11.184,11.114,10.580,11.690
09-Mar-2025,254.570,11.164,11.194,11.114,10.580,11.690
10-Mar-2025,262.280,11.164,11.194,11.114,10.580,11.690
11-Mar-2025,260.430,11.164,11.194,11.114,10.580,11.690
12-Mar-2025,256.720,11.164,11.194,11.114,10.580,11.690
13-Mar-2025,259.840,11.186,11.208,11.157,10.580,11.690
14-Mar-2025,258.680,11.186,11.208,11.157,10.580,11.690
15-Mar-2025,258.680,11.186,11.208,11.157,10.580,11.690
16-Mar-2025,258.680,11.186,11.208,11.157,10.580,11.690
17-Mar-2025,263.580,11.186,11.208,11.157,10.580,11.690
18-Mar-2025,266.490,11.186,11.208,11.157,10.580,11.690
19-Mar-2025,265.470,11.186,11.208,11.157,10.580,11.690
20-Mar-2025,266.540,11.186,11.208,11.157,10.580,11.690
21-Mar-2025,263.350,11.186,11.208,11.157,10.580,11.690
22-Mar-2025,263.350,11.186,11.208,11.157,10.580,11.690
23-Mar-2025,263.350,11.186,11.208,11.157,10.580,11.690
24-Mar-2025,262.940,11.186,11.208,11.157,10.580,11.690
25-Mar-2025,262.060,11.186,11.208,11.157,10.580,11.690
26-Mar-2025,262.720,11.186,11.208,11.157,10.580,11.690
27-Mar-2025,261.850,11.186,11.208,11.157,10.580,11.690
28-Mar-2025,262.220,11.186,11.208,11.157,10.580,11.690
29-Mar-2025,262.220,11.186,11.208,11.157,10.580,11.690
30-Mar-2025,262.220,11.186,11.208,11.157,10.580,11.690
31-Mar-2025,265.290,11.186,11.208,11.157,10.580,11.690
01-Apr-2025,262.240,11.186,11.208,11.157,10.580,11.690
02-Apr-2025,262.540,11.338,11.445,11.414,10.580,12.160
03-Apr-2025,268.360,11.346,11.724,11.414,10.580,12.160
04-Apr-2025,254.460,11.348,11.677,11.414,10.580,12.160
05-Apr-2025,254.460,11.348,11.677,11.414,10.580,12.160
06-Apr-2025,254.460,11.348,11.677,11.414,10.580,12.160
07-Apr-2025,252.370,11.359,11.669,11.505,10.580,12.160
08-Apr-2025,255.030,11.452,11.660,11.550,10.580,12.550
09-Apr-2025,254.130,11.490,11.647,11.550,10.580,12.550
10-Apr-2025,258.390,11.490,11.647,11.550,10.580,12.550
11-Apr-2025,261.540,11.501,11.627,11.550,10.580,12.550
12-Apr-2025,261.540,11.501,11.627,11.550,10.580,12.550
13-Apr-2025,261.540,11.501,11.627,11.550,10.580,12.550
14-Apr-2025,263.690,11.501,11.627,11.550,10.580,12.550
15-Apr-2025,262.870,11.501,11.627,11.550,10.580,12.550
16-Apr-2025,261.390,11.501,11.627,11.550,10.580,12.550
17-Apr-2025,262.530,11.501,11.627,11.550,10.580,12.550
18-Apr-2025,262.530,11.501,11.627,11.550,10.580,12.550
19-Apr-2025,262.530,11.501,11.627,11.550,10.580,12.550
20-Apr-2025,262.530,11.501,11.627,11.550,10.580,12.550
21-Apr-2025,260.330,11.532,11.613,11.550,10.851,12.550
22-Apr-2025,265.560,11.532,11.613,11.550,10.851,12.550
23-Apr-2025,261.480,11.546,11.649,11.550,10.540,12.550
24-Apr-2025,263.270,11.597,11.751,11.638,10.540,12.650
25-Apr-2025,266.300,11.597,11.751,11.638,10.540,12.650
26-Apr-2025,266.300,11.597,11.751,11.638,10.540,12.650
27-Apr-2025,266.300,11.597,11.751,11.638,10.540,12.650
28-Apr-2025,267.920,11.624,11.734,11.638,10.540,12.650
29-Apr-2025,272.360,11.624,11.734,11.638,10.540,12.650
30-Apr-2025,277.080,11.628,11.735,11.644,10.540,12.650
01-May-2025,277.110,11.628,11.735,11.644,10.540,12.650
02-May-2025,280.450,11.628,11.735,11.644,10.540,12.650
03-May-2025,280.450,11.628,11.735,11.644,10.540,12.650
04-May-2025,280.450,11.628,11.735,11.644,10.540,12.650
05-May-2025,282.560,11.628,11.735,11.644,10.540,12.650
06-May-2025,282.980,11.657,11.735,11.650,10.540,12.650
07-May-2025,284.820,11.657,11.735,11.650,10.540,12.650
08-May-2025,281.990,11.657,11.735,11.650,10.540,12.650
09-May-2025,284.350,11.657,11.735,11.650,10.540,12.650
10-May-2025,284.350,11.657,11.735,11.650,10.540,12.650
11-May-2025,284.350,11.657,11.735,11.650,10.540,12.650
12-May-2025,270.470,11.657,11.735,11.650,10.540,12.650
13-May-2025,268.340,11.657,11.735,11.650,10.540,12.650
14-May-2025,266.280,11.657,11.735,11.650,10.540,12.650
15-May-2025,274.000,11.657,11.735,11.650,10.540,12.650
16-May-2025,276.290,11.657,11.740,11.650,10.540,12.650
17-May-2025,276.290,11.657,11.740,11.650,10.540,12.650
18-May-2025,276.290,11.657,11.740,11.650,10.540,12.650
19-May-2025,277.940,11.657,11.740,11.650,10.540,12.650
20-May-2025,277.870,11.657,11.740,11.650,10.540,12.650
21-May-2025,281.740,11.657,11.740,11.650,10.540,12.650
22-May-2025,282.000,11.657,11.740,11.650,10.540,12.650
23-May-2025,284.070,11.657,11.740,11.650,10.540,12.650
24-May-2025,284.070,11.657,11.740,11.650,10.540,12.650
25-May-2025,284.070,11.657,11.740,11.650,10.540,12.650
26-May-2025,284.070,11.657,11.740,11.650,10.540,12.650
27-May-2025,284.360,11.657,11.740,11.650,10.540,12.650
28-May-2025,285.980,11.657,11.740,11.650,10.540,12.650
29-May-2025,285.870,11.657,11.740,11.650,10.540,12.650
30-May-2025,289.000,11.657,11.740,11.650,10.540,12.650
31-May-2025,289.000,11.657,11.740,11.650,10.540,12.650
01-Jun-2025,289.000,11.657,11.740,11.650,10.540,12.650
02-Jun-2025,290.710,11.657,11.740,11.650,10.540,12.650
03-Jun-2025,282.310,11.655,11.747,11.650,10.540,12.650
04-Jun-2025,277.880,11.671,11.752,11.650,10.540,12.650
05-Jun-2025,274.900,11.657,11.737,11.650,10.540,12.650
06-Jun-2025,274.240,11.657,11.737,11.650,10.540,12.650
07-Jun-2025,274.240,11.657,11.737,11.650,10.540,12.650
08-Jun-2025,274.240,11.664,11.748,11.650,10.540,12.650
09-Jun-2025,268.350,11.647,11.737,11.638,10.540,12.650
10-Jun-2025,266.100,11.647,11.737,11.638,10.540,12.650
11-Jun-2025,269.650,11.647,11.737,11.638,10.540,12.650
12-Jun-2025,270.960,11.647,11.737,11.638,10.540,12.650
13-Jun-2025,269.500,11.647,11.737,11.638,10.540,12.650
14-Jun-2025,269.500,11.647,11.737,11.638,10.540,12.650
15-Jun-2025,269.500,11.647,11.737,11.638,10.540,12.650
16-Jun-2025,267.510,11.647,11.737,11.638,10.540,12.650
17-Jun-2025,269.700,11.647,11.737,11.638,10.540,12.650
18-Jun-2025,272.100,11.647,11.737,11.638,10.540,12.650
19-Jun-2025,272.100,11.647,11.737,11.638,10.540,12.650
20-Jun-2025,273.990,11.647,11.737,11.638,10.540,12.650
21-Jun-2025,273.990,11.647,11.737,11.638,10.540,12.650
22-Jun-2025,273.990,11.647,11.737,11.638,10.540,12.650
23-Jun-2025,272.660,11.647,11.737,11.638,10.540,12.650
24-Jun-2025,271.380,11.647,11.737,11.638,10.540,12.650
25-Jun-2025,273.030,11.647,11.737,11.638,10.540,12.650
26-Jun-2025,272.830,11.647,11.737,11.638,10.540,12.650
27-Jun-2025,274.760,11.647,11.737,11.638,10.540,12.650
28-Jun-2025,274.760,11.647,11.737,11.638,10.540,12.650
29-Jun-2025,274.760,11.647,11.737,11.638,10.540,12.650
30-Jun-2025,275.620,11.647,11.737,11.638,10.540,12.650
01-Jul-2025,275.420,11.658,11.750,11.638,10.540,12.650
02-Jul-2025,275.820,11.667,11.742,11.638,10.540,12.650
03-Jul-2025,276.700,11.676,11.763,11.660,10.540,12.650
04-Jul-2025,276.700,11.676,11.763,11.660,10.540,12.650
05-Jul-2025,276.700,11.676,11.763,11.660,10.540,12.650
06-Jul-2025,276.700,11.676,11.763,11.660,10.540,12.650
07-Jul-2025,282.550,11.676,11.763,11.660,10.540,12.650
08-Jul-2025,275.630,11.673,11.762,11.660,10.540,12.650
09-Jul-2025,275.640,11.629,11.697,11.660,10.540,12.650
10-Jul-2025,275.190,11.612,11.673,11.602,10.540,12.650
11-Jul-2025,275.080,11.612,11.673,11.602,10.540,12.650
12-Jul-2025,275.080,11.612,11.673,11.602,10.540,12.650
13-Jul-2025,275.080,11.616,11.675,11.660,10.540,12.650
14-Jul-2025,277.060,11.623,11.669,11.660,10.540,12.650
15-Jul-2025,275.000,11.591,11.673,11.660,10.540,12.170
16-Jul-2025,277.530,11.591,11.668,11.660,10.540,12.170
17-Jul-2025,277.820,11.591,11.668,11.660,10.540,12.170
18-Jul-2025,274.700,11.591,11.668,11.660,10.540,12.170
19-Jul-2025,274.700,11.591,11.668,11.660,10.540,12.170
20-Jul-2025,274.700,11.591,11.668,11.660,10.540,12.170
21-Jul-2025,275.000,11.626,11.662,11.660,11.080,12.170
22-Jul-2025,274.640,11.626,11.662,11.660,11.080,12.170
23-Jul-2025,276.480,11.594,11.614,11.525,10.940,12.170
24-Jul-2025,277.180,11.590,11.597,11.525,10.940,12.110
25-Jul-2025,279.550,11.590,11.597,11.525,10.940,12.110
26-Jul-2025,279.550,11.590,11.597,11.525,10.940,12.110
27-Jul-2025,279.550,11.590,11.597,11.525,10.940,12.110
28-Jul-2025,274.120,11.590,11.597,11.525,10.940,12.110
29-Jul-2025,274.600,11.590,11.597,11.525,10.940,12.110
30-Jul-2025,277.740,11.605,11.648,11.640,10.940,12.140
31-Jul-2025,278.280,11.605,11.648,11.640,10.940,12.140
01-Aug-2025,280.760,11.605,11.648,11.640,10.940,12.140
02-Aug-2025,280.760,11.605,11.648,11.640,10.940,12.140
03-Aug-2025,280.760,11.605,11.648,11.640,10.940,12.140
04-Aug-2025,287.100,11.605,11.648,11.640,10.940,12.140
05-Aug-2025,284.610,11.598,11.642,11.575,10.940,12.140
06-Aug-2025,281.350,11.598,11.642,11.575,10.940,12.140
07-Aug-2025,280.950,11.600,11.640,11.575,10.960,12.140
08-Aug-2025,282.210,11.600,11.640,11.575,10.960,12.140
09-Aug-2025,282.210,11.600,11.640,11.575,10.960,12.140
10-Aug-2025,282.210,11.600,11.640,11.575,10.960,12.140
11-Aug-2025,285.750,11.600,11.640,11.575,10.960,12.140
12-Aug-2025,275.880,11.600,11.640,11.575,10.960,12.140
13-Aug-2025,273.920,11.600,11.640,11.575,10.960,12.140
14-Aug-2025,274.700,11.600,11.640,11.575,10.960,12.140
15-Aug-2025,273.920,11.606,11.652,11.575,10.960,12.140
16-Aug-2025,273.920,11.606,11.652,11.575,10.960,12.140
17-Aug-2025,273.920,11.606,11.652,11.575,10.960,12.140
18-Aug-2025,270.410,11.606,11.652,11.575,10.960,12.140
19-Aug-2025,271.490,11.606,11.652,11.575,10.960,12.140
20-Aug-2025,274.610,11.606,11.652,11.575,10.960,12.140
21-Aug-2025,273.320,11.606,11.652,11.575,10.960,12.140
22-Aug-2025,269.520,11.606,11.652,11.575,10.960,12.140
23-Aug-2025,269.520,11.606,11.652,11.575,10.960,12.140
24-Aug-2025,269.520,11.606,11.652,11.575,10.960,12.140
25-Aug-2025,271.390,11.606,11.652,11.575,10.960,12.140
26-Aug-2025,271.610,11.609,11.656,11.595,10.960,12.140
27-Aug-2025,270.120,11.609,11.656,11.595,10.960,12.140
28-Aug-2025,266.770,11.609,11.656,11.595,10.960,12.140
29-Aug-2025,266.510,11.609,11.656,11.595,10.960,12.140
30-Aug-2025,266.510,11.609,11.656,11.595,10.960,12.140
31-Aug-2025,266.510,11.609,11.656,11.595,10.960,12.140
01-Sep-2025,266.510,11.609,11.656,11.595,10.960,12.140
02-Sep-2025,265.400,11.609,11.656,11.595,10.960,12.140
03-Sep-2025,269.350,11.609,11.656,11.590,10.960,12.140
04-Sep-2025,267.430,11.609,11.656,11.590,10.960,12.140
05-Sep-2025,261.940,11.609,11.656,11.590,10.960,12.140
06-Sep-2025,261.940,11.609,11.656,11.590,10.960,12.140
07-Sep-2025,261.940,11.609,11.656,11.590,10.960,12.140
08-Sep-2025,262.580,11.615,11.673,11.590,10.960,12.140
09-Sep-2025,261.530,11.615,11.673,11.590,10.960,12.140
10-Sep-2025,259.910,11.615,11.673,11.590,10.960,12.140
11-Sep-2025,262.380,11.615,11.673,11.590,10.960,12.140
12-Sep-2025,262.300,11.615,11.673,11.590,10.960,12.140
13-Sep-2025,262.300,11.615,11.673,11.590,10.960,12.140
14-Sep-2025,262.300,11.615,11.673,11.590,10.960,12.140
15-Sep-2025,258.830,11.615,11.673,11.590,10.960,12.140
16-Sep-2025,259.830,11.615,11.673,11.590,10.960,12.140
17-Sep-2025,262.400,11.615,11.673,11.590,10.960,12.140
18-Sep-2025,260.590,11.615,11.673,11.590,10.960,12.140
19-Sep-2025,261.530,11.615,11.673,11.590,10.960,12.140
20-Sep-2025,261.530,11.615,11.673,11.590,10.960,12.140
21-Sep-2025,261.530,11.615,11.673,11.590,10.960,12.140
22-Sep-2025,261.080,11.615,11.673,11.590,10.960,12.140
23-Sep-2025,261.960,11.615,11.673,11.590,10.960,12.140
24-Sep-2025,264.430,11.615,11.673,11.590,10.960,12.140
25-Sep-2025,268.730,11.607,11.666,11.632,10.960,12.140
26-Sep-2025,270.280,11.607,11.666,11.632,10.960,12.140
27-Sep-2025,270.280,11.607,11.666,11.632,10.960,12.140
28-Sep-2025,270.280,11.607,11.666,11.632,10.960,12.140
29-Sep-2025,272.240,11.607,11.666,11.632,10.960,12.140
30-Sep-2025,270.190,11.607,11.666,11.632,10.960,12.140
01-Oct-2025,265.840,11.577,11.639,11.530,10.960,12.140
02-Oct-2025,265.430,11.577,11.639,11.530,10.960,12.140
03-Oct-2025,264.670,11.580,11.637,11.530,10.920,12.140
04-Oct-2025,264.670,11.580,11.637,11.530,10.920,12.140
05-Oct-2025,264.670,11.580,11.637,11.530,10.920,12.140
06-Oct-2025,262.050,11.563,11.605,11.490,10.960,12.140
07-Oct-2025,263.600,11.563,11.605,11.490,10.960,12.140
08-Oct-2025,264.940,11.561,11.605,11.543,10.960,12.140
09-Oct-2025,268.840,11.549,11.576,11.543,10.960,12.140
10-Oct-2025,271.450,11.555,11.524,11.543,10.960,12.140
11-Oct-2025,271.450,11.555,11.524,11.543,10.960,12.140
12-Oct-2025,271.450,11.555,11.524,11.543,10.960,12.140
13-Oct-2025,271.280,11.562,11.501,11.543,10.970,12.140
14-Oct-2025,267.180,11.562,11.501,11.543,10.970,12.140
15-Oct-2025,268.150,11.562,11.501,11.543,10.970,12.140
16-Oct-2025,262.510,11.562,11.501,11.543,10.970,12.140
17-Oct-2025,267.935,11.562,11.501,11.543,10.970,12.140
18-Oct-2025,267.935,11.562,11.501,11.543,10.970,12.140
19-Oct-2025,267.935,11.562,11.501,11.543,10.970,12.140
20-Oct-2025,267.620,11.556,11.502,11.543,10.970,12.140
21-Oct-2025,268.610,11.556,11.502,11.543,10.970,12.140
22-Oct-2025,267.810,11.581,11.588,11.563,10.970,12.140
23-Oct-2025,268.900,11.621,11.677,11.663,11.030,12.140
24-Oct-2025,269.540,11.621,11.677,11.663,11.030,12.140
25-Oct-2025,269.540,11.621,11.677,11.663,11.030,12.140
26-Oct-2025,269.540,11.621,11.677,11.663,11.030,12.140
27-Oct-2025,271.090,11.621,11.677,11.663,11.030,12.140
28-Oct-2025,266.330,11.621,11.677,11.663,11.030,12.140
29-Oct-2025,261.530,11.588,11.683,11.650,11.030,12.060
30-Oct-2025,262.890,11.588,11.683,11.650,11.030,12.060
31-Oct-2025,265.490,11.603,11.701,11.750,11.030,12.060
01-Nov-2025,265.490,11.603,11.701,11.750,11.030,12.060
02-Nov-2025,265.490,11.603,11.701,11.750,11.030,12.060
03-Nov-2025,264.160,11.603,11.701,11.750,11.030,12.060
04-Nov-2025,267.850,11.603,11.701,11.750,11.030,12.060
05-Nov-2025,268.000,11.603,11.701,11.750,11.030,12.060
06-Nov-2025,271.420,11.609,11.703,11.724,11.030,12.060
07-Nov-2025,276.500,11.609,11.704,11.724,11.030,12.060
08-Nov-2025,276.500,11.609,11.704,11.724,11.030,12.060
09-Nov-2025,276.500,11.609,11.704,11.724,11.030,12.060
10-Nov-2025,277.280,11.609,11.704,11.724,11.030,12.060
11-Nov-2025,278.840,11.610,11.703,11.724,11.030,12.060
12-Nov-2025,279.580,11.610,11.703,11.724,11.030,12.060
13-Nov-2025,283.540,11.610,11.703,11.724,11.030,12.060
14-Nov-2025,285.040,11.630,11.745,11.724,11.030,12.380
15-Nov-2025,285.040,11.630,11.745,11.724,11.030,12.380
16-Nov-2025,285.040,11.630,11.745,11.724,11.030,12.380
17-Nov-2025,279.130,11.630,11.745,11.724,11.030,12.380
18-Nov-2025,279.280,11.630,11.745,11.724,11.030,12.380
19-Nov-2025,272.490,11.630,11.745,11.724,11.030,12.380
20-Nov-2025,275.215,11.630,11.745,11.724,11.030,12.380
21-Nov-2025,273.090,11.621,11.740,11.698,11.030,12.380
22-Nov-2025,273.090,11.621,11.740,11.698,11.030,12.380
23-Nov-2025,273.090,11.621,11.740,11.698,11.030,12.380
24-Nov-2025,275.680,11.633,11.741,11.698,11.150,12.380
25-Nov-2025,276.980,11.624,11.750,11.624,11.150,12.380
26-Nov-2025,280.870,11.624,11.750,11.624,11.150,12.380
27-Nov-2025,280.870,11.624,11.750,11.624,11.150,12.380
28-Nov-2025,281.460,11.624,11.750,11.624,11.150,12.380
29-Nov-2025,281.460,11.624,11.750,11.624,11.150,12.380
30-Nov-2025,281.460,11.624,11.750,11.624,11.150,12.380
01-Dec-2025,278.990,11.624,11.750,11.624,11.150,12.380
02-Dec-2025,277.490,11.624,11.750,11.624,11.150,12.380
03-Dec-2025,274.340,11.624,11.750,11.624,11.150,12.380
04-Dec-2025,273.190,11.619,11.749,11.624,11.130,12.380
05-Dec-2025,270.870,11.631,11.771,11.624,11.130,12.380
06-Dec-2025,270.870,11.631,11.771,11.624,11.130,12.380
07-Dec-2025,270.870,11.631,11.771,11.624,11.130,12.380
08-Dec-2025,270.420,11.633,11.774,11.640,11.130,12.380
09-Dec-2025,270.120,11.633,11.774,11.640,11.130,12.380
10-Dec-2025,266.330,11.647,11.773,11.640,11.130,12.380
11-Dec-2025,272.405,11.647,11.773,11.640,11.130,12.380
12-Dec-2025,273.550,11.668,11.795,11.740,11.130,12.380
13-Dec-2025,273.550,11.668,11.795,11.740,11.130,12.380
14-Dec-2025,273.550,11.668,11.795,11.740,11.130,12.380
15-Dec-2025,272.180,11.668,11.795,11.740,11.130,12.380
16-Dec-2025,272.950,11.668,11.795,11.740,11.130,12.380
17-Dec-2025,273.740,11.658,11.787,11.740,11.130,12.250
18-Dec-2025,266.030,11.658,11.787,11.740,11.130,12.250
19-Dec-2025,269.090,11.658,11.787,11.740,11.130,12.250
20-Dec-2025,269.090,11.658,11.787,11.740,11.130,12.250
21-Dec-2025,269.090,11.658,11.787,11.740,11.130,12.250
22-Dec-2025,273.200,11.647,11.782,11.740,11.130,12.250
23-Dec-2025,275.530,11.647,11.782,11.740,11.130,12.250
24-Dec-2025,276.380,11.647,11.782,11.740,11.130,12.250
25-Dec-2025,276.380,11.647,11.782,11.740,11.130,12.250
26-Dec-2025,276.730,11.647,11.782,11.740,11.130,12.250
27-Dec-2025,276.730,11.647,11.782,11.740,11.130,12.250
28-Dec-2025,276.730,11.647,11.782,11.740,11.130,12.250
29-Dec-2025,278.420,11.647,11.782,11.740,11.130,12.250
30-Dec-2025,275.830,11.647,11.782,11.740,11.130,12.250
31-Dec-2025,273.080,11.647,11.782,11.740,11.130,12.250
01-Jan-2026,273.080,11.647,11.782,11.740,11.130,12.250
02-Jan-2026,269.680,11.647,11.782,11.740,11.130,12.250
03-Jan-2026,269.680,11.647,11.782,11.740,11.130,12.250
04-Jan-2026,269.680,11.647,11.782,11.740,11.130,12.250
05-Jan-2026,275.060,11.683,11.818,11.750,11.150,12.250
06-Jan-2026,269.150,11.671,11.800,11.750,11.150,12.250
07-Jan-2026,266.845,11.671,11.800,11.750,11.150,12.250
08-Jan-2026,266.640,11.670,11.800,11.750,11.150,12.250
09-Jan-2026,262.450,11.652,11.762,11.736,11.150,12.250
10-Jan-2026,262.450,11.652,11.762,11.736,11.150,12.250
11-Jan-2026,262.450,11.652,11.762,11.736,11.150,12.250
12-Jan-2026,264.980,11.661,11.762,11.736,11.150,12.250
13-Jan-2026,268.450,11.643,11.732,11.736,11.150,12.000
14-Jan-2026,275.230,11.709,11.750,11.796,11.150,12.010
15-Jan-2026,272.590,11.709,11.750,11.796,11.150,12.010
16-Jan-2026,279.500,11.709,11.750,11.796,11.150,12.010
17-Jan-2026,279.500,11.709,11.750,11.796,11.150,12.010
18-Jan-2026,279.500,11.709,11.750,11.796,11.150,12.010
19-Jan-2026,279.500,11.709,11.750,11.796,11.150,12.010
20-Jan-2026,279.910,11.709,11.750,11.796,11.150,12.010
21-Jan-2026,279.070,11.709,11.750,11.796,11.150,12.010
22-Jan-2026,281.390,11.732,11.745,11.796,11.320,12.010
23-Jan-2026,282.735,11.732,11.745,11.796,11.320,12.010
24-Jan-2026,282.735,11.732,11.745,11.796,11.320,12.010
25-Jan-2026,282.735,11.732,11.745,11.796,11.320,12.010
26-Jan-2026,284.050,11.732,11.745,11.796,11.320,12.010
27-Jan-2026,284.480,11.723,11.740,11.796,11.320,12.010
28-Jan-2026,286.050,11.721,11.738,11.796,11.320,12.010
29-Jan-2026,289.830,11.721,11.738,11.796,11.320,12.010
30-Jan-2026,289.060,11.721,11.738,11.796,11.320,12.010
31-Jan-2026,289.060,11.721,11.738,11.796,11.320,12.010
01-Feb-2026,289.060,11.721,11.738,11.796,11.320,12.010
02-Feb-2026,290.770,11.721,11.738,11.796,11.320,12.010
03-Feb-2026,293.070,11.721,11.738,11.796,11.320,12.010
04-Feb-2026,294.620,11.782,11.805,11.810,11.490,12.010
05-Feb-2026,297.380,11.797,11.815,11.810,11.490,12.080
06-Feb-2026,302.270,11.813,11.926,11.835,11.490,12.080
07-Feb-2026,302.270,11.813,11.926,11.835,11.490,12.080
08-Feb-2026,302.270,11.813,11.926,11.835,11.490,12.080
09-Feb-2026,307.240,11.829,11.902,11.835,11.574,12.080
10-Feb-2026,306.760,11.829,11.902,11.835,11.574,12.080
11-Feb-2026,302.480,11.857,11.902,11.895,11.600,12.080
12-Feb-2026,301.640,11.857,11.902,11.895,11.600,12.080
13-Feb-2026,303.070,11.933,11.929,11.940,11.710,12.330
14-Feb-2026,303.070,11.933,11.929,11.940,11.710,12.330
15-Feb-2026,303.070,11.933,11.929,11.940,11.710,12.330
16-Feb-2026,303.070,11.933,11.929,11.940,11.710,12.330
17-Feb-2026,303.230,11.933,11.929,11.940,11.710,12.330
18-Feb-2026,302.550,11.933,11.929,11.940,11.710,12.330